frame,cx,cy,x,y,w,h,yolo_conf,group_id
0,271.5,294.0,252.0,276.0,39.0,36.0,0.526,0.0
1,274.5,277.0,256.0,259.0,37.0,36.0,0.839,0.0
2,277.0,261.5,259.0,246.0,36.0,31.0,0.787,0.0
3,281.0,245.5,262.0,228.0,38.0,35.0,0.848,0.0
4,284.5,231.5,266.0,213.0,37.0,37.0,0.862,0.0
5,288.0,218.0,269.0,199.0,38.0,38.0,0.803,0.0
6,291.5,208.5,272.0,189.0,39.0,39.0,0.605,0.0
7,297.0,198.0,278.0,179.0,38.0,38.0,0.732,0.0
8,304.5,188.5,287.0,170.0,35.0,37.0,0.604,0.0
9,312.0,179.5,294.0,161.0,36.0,37.0,0.826,0.0
10,318.5,171.0,299.0,152.0,39.0,38.0,0.661,0.0
11,328.5,164.0,309.0,145.0,39.0,38.0,,0.0
12,338.5,158.5,320.0,140.0,37.0,37.0,,0.0
13,329.5,154.0,310.0,135.0,39.0,38.0,,0.0
14,330.5,130.0,311.0,111.0,39.0,38.0,,0.0
15,338.5,129.5,320.0,111.0,37.0,37.0,,0.0
16,339.0,124.5,320.0,106.0,38.0,37.0,,0.0
17,339.0,130.5,320.0,112.0,38.0,37.0,,0.0
18,339.5,143.0,321.0,125.0,37.0,36.0,,0.0
19,339.0,156.5,321.0,139.0,36.0,35.0,,0.0
20,339.5,160.0,322.0,143.0,35.0,34.0,,0.0
21,339.0,161.5,322.0,145.0,34.0,33.0,,0.0
22,339.5,165.0,323.0,149.0,33.0,32.0,,0.0
23,338.5,185.0,322.0,169.0,33.0,32.0,,0.0
24,338.5,200.0,322.0,184.0,33.0,32.0,,0.0
25,338.5,200.0,322.0,184.0,33.0,32.0,,0.0
26,339.5,202.0,322.0,185.0,35.0,34.0,,0.0
27,339.0,207.5,322.0,191.0,34.0,33.0,,0.0
28,338.5,223.0,322.0,207.0,33.0,32.0,,0.0
29,339.5,218.0,323.0,202.0,33.0,32.0,,0.0
30,339.5,204.0,323.0,188.0,33.0,32.0,,0.0
31,339.5,204.0,323.0,188.0,33.0,32.0,,0.0
32,339.5,203.0,323.0,187.0,33.0,32.0,,0.0
33,340.0,204.5,324.0,189.0,32.0,31.0,,0.0
34,339.5,209.0,323.0,193.0,33.0,32.0,,0.0
35,337.5,209.5,322.0,194.0,31.0,31.0,,0.0
36,333.5,213.5,317.0,197.0,33.0,33.0,,0.0
37,338.0,204.5,323.0,190.0,30.0,29.0,,0.0
38,339.0,208.5,324.0,194.0,30.0,29.0,,0.0
39,339.0,206.5,324.0,192.0,30.0,29.0,,0.0
40,339.0,208.5,324.0,194.0,30.0,29.0,,0.0
41,,,,,,,,
42,338.0,209.5,323.0,195.0,30.0,29.0,,0.0
43,,,,,,,,
44,,,,,,,,
45,,,,,,,,
46,,,,,,,,
47,338.5,209.0,324.0,195.0,29.0,28.0,,0.0
48,337.0,206.0,323.0,192.0,28.0,28.0,,0.0
49,337.0,206.0,323.0,192.0,28.0,28.0,,0.0
50,337.0,206.0,323.0,192.0,28.0,28.0,,0.0
51,,,,,,,,
52,,,,,,,,
53,,,,,,,,
54,332.5,215.5,317.0,200.0,31.0,31.0,,0.0
55,333.5,215.5,318.0,200.0,31.0,31.0,,0.0
56,330.5,214.5,315.0,199.0,31.0,31.0,,0.0
57,338.5,207.5,323.0,192.0,31.0,31.0,,0.0
58,339.5,208.5,324.0,193.0,31.0,31.0,,0.0
59,329.5,207.5,314.0,192.0,31.0,31.0,,0.0
60,322.0,208.0,307.0,193.0,30.0,30.0,0.768,0.0
61,319.0,213.0,304.0,199.0,30.0,28.0,0.839,0.0
62,318.0,220.5,304.0,207.0,28.0,27.0,0.876,0.0
63,320.0,231.0,307.0,218.0,26.0,26.0,0.846,0.0
64,326.0,242.0,313.0,229.0,26.0,26.0,,0.0
65,323.0,235.0,310.0,222.0,26.0,26.0,,0.0
66,322.5,235.5,309.0,222.0,27.0,27.0,,0.0
67,321.5,235.5,308.0,222.0,27.0,27.0,,0.0
68,322.0,231.0,309.0,218.0,26.0,26.0,,0.0
69,322.0,235.0,309.0,222.0,26.0,26.0,,0.0
70,322.0,235.0,309.0,222.0,26.0,26.0,,0.0
71,322.0,235.0,309.0,222.0,26.0,26.0,,0.0
72,321.0,236.0,308.0,223.0,26.0,26.0,,0.0
73,321.0,235.0,308.0,222.0,26.0,26.0,,0.0
74,321.0,232.0,308.0,219.0,26.0,26.0,,0.0
75,322.0,232.0,309.0,219.0,26.0,26.0,,0.0
76,320.5,231.5,308.0,219.0,25.0,25.0,,0.0
77,319.0,231.0,307.0,219.0,24.0,24.0,,0.0
78,,,,,,,,
79,,,,,,,,
80,,,,,,,,
81,319.0,229.0,307.0,217.0,24.0,24.0,,0.0
82,320.0,230.0,308.0,218.0,24.0,24.0,,0.0
83,320.0,231.0,308.0,219.0,24.0,24.0,,0.0
84,316.0,232.0,304.0,220.0,24.0,24.0,,0.0
85,296.5,268.5,287.0,258.0,19.0,21.0,,1.0
86,285.5,272.5,276.0,262.0,19.0,21.0,0.802,1.0
87,277.0,261.5,265.0,250.0,24.0,23.0,0.827,1.0
88,267.5,252.0,256.0,240.0,23.0,24.0,0.769,1.0
89,258.0,243.0,245.0,231.0,26.0,24.0,0.799,1.0
90,250.0,232.0,238.0,219.0,24.0,26.0,0.807,1.0
91,243.0,223.0,231.0,210.0,24.0,26.0,0.836,1.0
92,236.0,215.5,224.0,203.0,24.0,25.0,0.839,1.0
93,232.0,208.5,220.0,196.0,24.0,25.0,0.855,1.0
94,227.5,202.0,215.0,190.0,25.0,24.0,0.827,1.0
95,225.0,195.5,213.0,184.0,24.0,23.0,0.784,1.0
96,222.5,190.0,210.0,178.0,25.0,24.0,0.75,1.0
97,220.5,189.0,209.0,177.0,23.0,24.0,0.705,1.0
98,222.0,191.5,211.0,181.0,22.0,21.0,0.522,1.0
99,221.5,195.0,210.0,186.0,23.0,18.0,0.752,1.0
100,220.0,202.5,210.0,192.0,20.0,21.0,0.753,1.0
101,215.0,215.5,205.0,205.0,20.0,21.0,0.795,1.0
102,208.5,232.5,200.0,223.0,17.0,19.0,0.617,1.0
103,198.5,247.5,190.0,237.0,17.0,21.0,0.674,1.0
104,189.0,266.0,178.0,255.0,22.0,22.0,0.697,1.0
105,182.5,263.5,172.0,251.0,21.0,25.0,0.685,1.0
106,176.0,249.5,165.0,238.0,22.0,23.0,0.747,1.0
107,170.0,236.5,159.0,226.0,22.0,21.0,0.681,1.0
108,163.0,223.0,153.0,212.0,20.0,22.0,0.61,1.0
109,160.5,219.5,152.0,211.0,17.0,17.0,0.645,1.0
110,156.5,211.5,147.0,199.0,19.0,25.0,0.71,1.0
111,157.5,215.0,151.0,207.0,13.0,16.0,0.702,1.0
112,153.0,215.5,142.0,203.0,22.0,25.0,0.515,1.0
113,156.0,224.5,145.0,212.0,22.0,25.0,,1.0
114,160.0,242.0,150.0,233.0,20.0,18.0,,1.0
115,167.0,254.0,157.0,245.0,20.0,18.0,0.594,1.0
116,173.0,268.0,163.0,259.0,20.0,18.0,,1.0
117,183.0,262.5,174.0,253.0,18.0,19.0,,1.0
118,190.0,250.5,181.0,241.0,18.0,19.0,0.507,1.0
119,198.0,239.0,190.0,229.0,16.0,20.0,0.705,1.0
120,205.0,227.5,195.0,218.0,20.0,19.0,0.667,1.0
121,206.5,220.0,197.0,211.0,19.0,18.0,,1.0
122,214.0,212.5,204.0,203.0,20.0,19.0,,1.0
123,217.0,200.5,207.0,191.0,20.0,19.0,,1.0
124,219.0,192.5,209.0,183.0,20.0,19.0,,1.0
125,218.0,188.5,208.0,179.0,20.0,19.0,,1.0
126,217.0,185.5,207.0,176.0,20.0,19.0,,1.0
127,220.0,177.5,210.0,168.0,20.0,19.0,,1.0
128,217.0,180.5,207.0,171.0,20.0,19.0,,1.0
129,211.0,187.5,201.0,178.0,20.0,19.0,,1.0
130,212.0,192.5,202.0,183.0,20.0,19.0,,1.0
131,176.0,175.0,166.0,165.0,20.0,20.0,,2.0
132,179.5,174.5,169.0,164.0,21.0,21.0,,2.0
133,181.5,176.5,171.0,166.0,21.0,21.0,,2.0
134,185.5,174.5,175.0,164.0,21.0,21.0,,2.0
135,189.5,174.5,179.0,164.0,21.0,21.0,,2.0
136,193.5,173.5,183.0,163.0,21.0,21.0,,2.0
137,200.5,171.5,190.0,161.0,21.0,21.0,,2.0
138,201.5,173.5,191.0,163.0,21.0,21.0,,2.0
139,205.5,175.5,195.0,165.0,21.0,21.0,,2.0
140,208.5,174.5,198.0,164.0,21.0,21.0,,2.0
141,211.5,176.5,201.0,166.0,21.0,21.0,,2.0
142,219.5,173.5,209.0,163.0,21.0,21.0,,2.0
143,222.5,172.5,212.0,162.0,21.0,21.0,,2.0
144,224.5,172.5,214.0,162.0,21.0,21.0,,2.0
145,225.5,162.5,215.0,152.0,21.0,21.0,,2.0
146,226.5,158.5,216.0,148.0,21.0,21.0,,2.0
147,226.5,151.5,216.0,141.0,21.0,21.0,,2.0
148,227.5,146.5,217.0,136.0,21.0,21.0,,2.0
149,228.5,143.5,218.0,133.0,21.0,21.0,0.648,2.0
150,230.0,137.5,219.0,128.0,22.0,19.0,0.85,2.0
151,231.5,132.5,220.0,122.0,23.0,21.0,0.852,2.0
152,230.5,126.5,221.0,115.0,19.0,23.0,0.834,2.0
153,230.5,118.0,220.0,106.0,21.0,24.0,0.833,2.0
154,230.0,108.5,220.0,96.0,20.0,25.0,0.855,2.0
155,228.5,98.0,218.0,86.0,21.0,24.0,0.84,2.0
156,226.0,87.0,216.0,76.0,20.0,22.0,0.867,2.0
157,223.5,78.5,213.0,65.0,21.0,27.0,0.849,2.0
158,220.5,70.0,210.0,58.0,21.0,24.0,0.839,2.0
159,217.5,62.5,208.0,52.0,19.0,21.0,0.839,2.0
160,214.5,56.0,205.0,45.0,19.0,22.0,0.857,2.0
161,212.5,51.5,203.0,40.0,19.0,23.0,0.797,2.0
162,210.5,47.0,201.0,37.0,19.0,20.0,0.825,2.0
163,208.0,44.0,199.0,33.0,18.0,22.0,0.817,2.0
164,206.0,41.5,197.0,31.0,18.0,21.0,0.778,2.0
165,204.0,40.5,195.0,31.0,18.0,19.0,0.724,2.0
166,202.5,39.5,194.0,30.0,17.0,19.0,0.827,2.0
167,200.0,39.0,192.0,29.0,16.0,20.0,0.768,2.0
168,198.5,38.5,191.0,30.0,15.0,17.0,0.811,2.0
169,197.0,39.5,189.0,31.0,16.0,17.0,0.778,2.0
170,195.5,40.5,188.0,32.0,15.0,17.0,0.757,2.0
171,193.5,42.5,186.0,34.0,15.0,17.0,0.807,2.0
172,192.5,45.5,185.0,37.0,15.0,17.0,0.763,2.0
173,190.5,48.0,183.0,39.0,15.0,18.0,0.599,2.0
174,189.5,51.5,183.0,42.0,13.0,19.0,0.691,2.0
175,188.0,55.5,181.0,47.0,14.0,17.0,0.713,2.0
176,187.0,59.0,180.0,51.0,14.0,16.0,0.508,2.0
177,186.0,63.0,179.0,55.0,14.0,16.0,,2.0
178,184.5,68.0,178.0,60.0,13.0,16.0,0.722,2.0
179,183.5,73.0,177.0,65.0,13.0,16.0,,2.0
180,181.5,78.0,175.0,70.0,13.0,16.0,,2.0
181,180.5,84.5,174.0,76.0,13.0,17.0,,2.0
182,179.5,90.5,173.0,82.0,13.0,17.0,,2.0
183,178.5,96.5,172.0,88.0,13.0,17.0,0.545,2.0
184,178.5,96.5,172.0,88.0,13.0,17.0,,2.0
185,178.5,96.5,172.0,88.0,13.0,17.0,,2.0
186,169.0,139.5,164.0,134.0,10.0,11.0,,3.0
187,178.0,97.0,172.0,89.0,12.0,16.0,,2.0
188,179.5,97.5,173.0,89.0,13.0,17.0,,2.0
189,178.5,97.5,172.0,89.0,13.0,17.0,,2.0
190,171.5,138.0,166.0,132.0,11.0,12.0,0.692,3.0
191,170.0,138.5,164.0,133.0,12.0,11.0,0.576,3.0
192,169.5,138.5,164.0,132.0,11.0,13.0,0.663,3.0
193,168.5,142.5,163.0,137.0,11.0,11.0,0.654,3.0
194,168.0,144.5,163.0,138.0,10.0,13.0,0.523,3.0
195,167.5,147.5,162.0,142.0,11.0,11.0,0.71,3.0
196,166.5,151.0,161.0,145.0,11.0,12.0,0.742,3.0
197,165.5,153.5,160.0,148.0,11.0,11.0,0.795,3.0
198,164.5,158.0,159.0,152.0,11.0,12.0,0.81,3.0
199,164.0,162.5,159.0,156.0,10.0,13.0,0.732,3.0
200,164.0,166.5,159.0,160.0,10.0,13.0,,3.0
201,162.0,172.5,157.0,167.0,10.0,11.0,0.663,3.0
202,160.5,177.5,155.0,172.0,11.0,11.0,0.511,3.0
203,160.5,185.0,155.0,178.0,11.0,14.0,0.554,3.0
204,159.5,191.0,154.0,184.0,11.0,14.0,,3.0
205,183.5,211.5,179.0,205.0,9.0,13.0,0.515,3.0
206,158.0,203.5,153.0,198.0,10.0,11.0,0.66,3.0
207,156.5,211.5,152.0,206.0,9.0,11.0,0.571,3.0
208,156.5,218.5,152.0,213.0,9.0,11.0,,3.0
209,154.5,226.5,150.0,221.0,9.0,11.0,,3.0
210,153.5,235.5,149.0,230.0,9.0,11.0,,3.0
211,152.5,239.5,148.0,234.0,9.0,11.0,,3.0
212,152.5,233.5,148.0,228.0,9.0,11.0,,3.0
213,151.5,226.5,147.0,221.0,9.0,11.0,,3.0
214,151.5,220.5,147.0,215.0,9.0,11.0,,3.0
215,149.5,214.5,145.0,209.0,9.0,11.0,,3.0
216,151.0,206.5,147.0,201.0,8.0,11.0,,3.0
217,148.0,201.5,144.0,196.0,8.0,11.0,,3.0
218,147.0,198.5,143.0,193.0,8.0,11.0,,3.0
219,146.0,194.5,142.0,189.0,8.0,11.0,,3.0
220,145.0,189.5,141.0,184.0,8.0,11.0,,3.0
221,144.0,186.5,140.0,181.0,8.0,11.0,,3.0
222,143.0,183.5,139.0,178.0,8.0,11.0,,3.0
223,142.0,180.5,138.0,175.0,8.0,11.0,,3.0
224,141.0,178.5,137.0,173.0,8.0,11.0,0.534,3.0
225,140.0,177.5,136.0,172.0,8.0,11.0,,3.0
226,138.0,177.5,134.0,172.0,8.0,11.0,,3.0
227,138.0,173.5,134.0,168.0,8.0,11.0,,3.0
228,137.0,174.5,133.0,169.0,8.0,11.0,,3.0
229,134.0,178.5,130.0,173.0,8.0,11.0,,3.0
230,132.0,178.5,128.0,173.0,8.0,11.0,,3.0
231,130.0,178.5,126.0,173.0,8.0,11.0,,3.0
232,127.0,179.5,123.0,174.0,8.0,11.0,,3.0
233,124.0,178.5,120.0,173.0,8.0,11.0,,3.0
234,122.0,178.5,118.0,173.0,8.0,11.0,,3.0
235,123.0,175.5,119.0,170.0,8.0,11.0,,3.0
236,122.0,174.5,118.0,169.0,8.0,11.0,,3.0
237,119.0,177.5,115.0,172.0,8.0,11.0,,3.0
238,119.0,176.5,115.0,171.0,8.0,11.0,,3.0
239,118.0,177.5,114.0,172.0,8.0,11.0,,3.0
240,116.0,179.5,112.0,174.0,8.0,11.0,,3.0
241,116.0,180.5,112.0,175.0,8.0,11.0,,3.0
242,115.0,180.5,111.0,175.0,8.0,11.0,,3.0
243,115.0,179.5,111.0,174.0,8.0,11.0,,3.0
244,113.0,179.5,109.0,174.0,8.0,11.0,,3.0
245,110.0,179.5,106.0,174.0,8.0,11.0,,3.0
246,109.0,178.5,105.0,173.0,8.0,11.0,,3.0
247,108.0,178.5,104.0,173.0,8.0,11.0,,3.0
248,104.5,198.5,99.0,193.0,11.0,11.0,,3.0
249,102.5,198.5,97.0,193.0,11.0,11.0,,3.0
250,100.5,199.5,95.0,194.0,11.0,11.0,,3.0
251,99.5,199.5,94.0,194.0,11.0,11.0,,3.0
252,97.5,197.5,92.0,192.0,11.0,11.0,,3.0
253,95.5,199.5,90.0,194.0,11.0,11.0,,3.0
254,97.5,195.5,92.0,190.0,11.0,11.0,,3.0
255,95.5,196.5,90.0,191.0,11.0,11.0,,3.0
256,95.5,196.5,90.0,191.0,11.0,11.0,,3.0
257,93.5,195.5,88.0,190.0,11.0,11.0,,3.0
258,91.5,196.5,86.0,191.0,11.0,11.0,,3.0
259,89.5,194.5,84.0,189.0,11.0,11.0,,3.0
260,88.5,195.5,83.0,190.0,11.0,11.0,,3.0
261,86.5,195.5,81.0,190.0,11.0,11.0,,3.0
262,85.5,195.5,80.0,190.0,11.0,11.0,,3.0
263,83.5,196.5,78.0,191.0,11.0,11.0,,3.0
264,82.5,196.5,77.0,191.0,11.0,11.0,,3.0
265,81.5,198.5,76.0,193.0,11.0,11.0,,3.0
266,79.5,199.5,74.0,194.0,11.0,11.0,,3.0
267,78.5,201.5,73.0,196.0,11.0,11.0,,3.0
268,76.5,201.5,71.0,196.0,11.0,11.0,,3.0
269,72.5,202.5,67.0,197.0,11.0,11.0,,3.0
270,69.5,202.5,64.0,197.0,11.0,11.0,,3.0
271,67.5,202.5,62.0,197.0,11.0,11.0,0.625,3.0
272,65.5,204.0,60.0,199.0,11.0,10.0,0.639,3.0
273,64.0,204.0,59.0,199.0,10.0,10.0,0.504,3.0
274,63.5,205.5,58.0,200.0,11.0,11.0,0.659,3.0
275,62.5,206.0,56.0,200.0,13.0,12.0,0.65,3.0
276,58.0,206.5,52.0,201.0,12.0,11.0,0.579,3.0
277,53.5,205.0,48.0,200.0,11.0,10.0,0.721,3.0
278,48.5,202.5,42.0,197.0,13.0,11.0,0.739,3.0
279,44.5,198.0,37.0,192.0,15.0,12.0,0.79,3.0
280,42.0,193.5,34.0,188.0,16.0,11.0,0.803,3.0
281,39.0,189.5,31.0,184.0,16.0,11.0,,3.0
282,34.5,186.5,28.0,181.0,13.0,11.0,0.63,3.0
283,31.0,183.5,24.0,178.0,14.0,11.0,0.71,3.0
284,27.0,181.0,21.0,175.0,12.0,12.0,0.724,3.0
285,24.0,179.0,18.0,173.0,12.0,12.0,0.634,3.0
286,20.0,178.0,14.0,172.0,12.0,12.0,,3.0
287,18.0,177.0,12.0,171.0,12.0,12.0,,3.0
288,14.0,176.0,8.0,170.0,12.0,12.0,,3.0
289,13.5,176.5,10.0,171.0,7.0,11.0,,3.0
290,10.5,178.5,7.0,173.0,7.0,11.0,,3.0
291,6.5,178.5,3.0,173.0,7.0,11.0,,3.0
292,3.5,179.5,0.0,174.0,7.0,11.0,0.515,3.0
293,1.5,181.5,-2.0,176.0,7.0,11.0,,3.0
294,-0.5,182.5,-4.0,177.0,7.0,11.0,,3.0
295,-0.5,181.5,-4.0,176.0,7.0,11.0,,3.0
296,-0.5,181.5,-4.0,176.0,7.0,11.0,,3.0
297,-0.5,181.5,-4.0,176.0,7.0,11.0,,3.0
298,2.5,182.5,-1.0,177.0,7.0,11.0,,3.0
299,1.5,181.5,-2.0,176.0,7.0,11.0,,3.0
300,2.5,180.5,-1.0,175.0,7.0,11.0,,3.0
301,5.5,182.5,2.0,177.0,7.0,11.0,,3.0
302,11.5,185.5,8.0,180.0,7.0,11.0,,3.0
303,12.5,187.5,9.0,182.0,7.0,11.0,,3.0
304,10.5,187.5,7.0,182.0,7.0,11.0,,3.0
305,8.5,189.5,5.0,184.0,7.0,11.0,,3.0
306,5.5,188.5,2.0,183.0,7.0,11.0,,3.0
307,3.5,188.5,0.0,183.0,7.0,11.0,,3.0
308,1.5,188.5,-2.0,183.0,7.0,11.0,,3.0
309,-0.5,188.5,-4.0,183.0,7.0,11.0,,3.0
310,-0.5,187.5,-4.0,182.0,7.0,11.0,,3.0
311,0.5,184.5,-3.0,179.0,7.0,11.0,,3.0
312,0.5,183.5,-3.0,178.0,7.0,11.0,,3.0
313,3.5,182.5,0.0,177.0,7.0,11.0,,3.0
314,9.5,182.5,6.0,177.0,7.0,11.0,,3.0
315,7.5,180.5,4.0,175.0,7.0,11.0,,3.0
316,,,,,,,,
317,,,,,,,,
318,8.5,183.5,5.0,178.0,7.0,11.0,,3.0
319,,,,,,,,
320,,,,,,,,
321,,,,,,,,
322,,,,,,,,
323,,,,,,,,
324,,,,,,,,
325,,,,,,,,
326,,,,,,,,
327,,,,,,,,
328,,,,,,,,
329,,,,,,,,
330,,,,,,,,
331,,,,,,,,
332,,,,,,,,
333,8.5,183.5,5.0,178.0,7.0,11.0,,3.0
334,8.5,183.5,5.0,178.0,7.0,11.0,,3.0
335,8.5,183.5,5.0,178.0,7.0,11.0,,3.0
336,5.5,180.5,2.0,175.0,7.0,11.0,,3.0
337,5.5,184.5,2.0,179.0,7.0,11.0,,3.0
338,5.5,184.5,2.0,179.0,7.0,11.0,,3.0
339,5.5,184.5,2.0,179.0,7.0,11.0,,3.0
340,,,,,,,,
341,,,,,,,,
342,,,,,,,,
343,,,,,,,,
344,,,,,,,,
345,,,,,,,,
346,,,,,,,,
347,,,,,,,,
348,,,,,,,,
349,,,,,,,,
350,,,,,,,,
351,,,,,,,,
352,,,,,,,,
353,,,,,,,,
354,,,,,,,,
355,,,,,,,,
356,,,,,,,,
357,6.5,184.5,3.0,179.0,7.0,11.0,,3.0
358,,,,,,,,
359,3.5,183.5,0.0,178.0,7.0,11.0,,3.0
360,,,,,,,,
361,,,,,,,,
362,0.5,211.0,-8.0,203.0,17.0,16.0,,3.0
363,7.0,204.5,-1.0,197.0,16.0,15.0,,3.0
364,13.5,200.0,5.0,192.0,17.0,16.0,,3.0
365,23.5,195.0,15.0,187.0,17.0,16.0,,3.0
366,33.5,191.0,25.0,183.0,17.0,16.0,,3.0
367,45.5,188.0,37.0,180.0,17.0,16.0,0.682,3.0
368,56.0,186.5,48.0,178.0,16.0,17.0,0.71,3.0
369,65.5,186.0,56.0,176.0,19.0,20.0,0.698,3.0
370,73.5,189.5,64.0,180.0,19.0,19.0,0.72,3.0
371,80.5,196.5,71.0,186.0,19.0,21.0,0.717,3.0
372,85.0,206.0,76.0,196.0,18.0,20.0,0.727,3.0
373,87.5,218.5,80.0,210.0,15.0,17.0,0.762,3.0
374,84.5,230.5,77.0,222.0,15.0,17.0,,3.0
375,77.5,239.5,70.0,231.0,15.0,17.0,,3.0
376,82.5,247.5,75.0,239.0,15.0,17.0,,3.0
377,83.5,245.5,76.0,237.0,15.0,17.0,,3.0
378,57.0,242.5,49.0,235.0,16.0,15.0,,3.0
379,51.0,231.5,43.0,224.0,16.0,15.0,,3.0
380,46.0,222.5,38.0,215.0,16.0,15.0,,3.0
381,44.0,214.5,36.0,207.0,16.0,15.0,0.651,3.0
382,42.0,208.0,34.0,201.0,16.0,14.0,0.682,3.0
383,40.5,200.5,32.0,193.0,17.0,15.0,0.766,3.0
384,38.5,194.5,29.0,186.0,19.0,17.0,0.785,3.0
385,38.0,191.5,29.0,184.0,18.0,15.0,0.856,3.0
386,39.0,191.0,30.0,183.0,18.0,16.0,0.838,3.0
387,41.5,193.0,32.0,185.0,19.0,16.0,0.869,3.0
388,46.0,197.5,37.0,189.0,18.0,17.0,0.787,3.0
389,50.5,205.5,42.0,198.0,17.0,15.0,0.726,3.0
390,56.0,214.5,49.0,206.0,14.0,17.0,0.736,3.0
391,62.0,225.5,55.0,217.0,14.0,17.0,,3.0
392,75.5,242.0,65.0,231.0,21.0,22.0,,3.0
393,85.5,256.0,75.0,245.0,21.0,22.0,0.625,3.0
394,93.5,259.0,83.0,248.0,21.0,22.0,,3.0
395,102.5,243.0,95.0,235.0,15.0,16.0,,3.0
396,111.5,236.0,104.0,228.0,15.0,16.0,0.747,3.0
397,114.5,229.5,106.0,221.0,17.0,17.0,0.709,3.0
398,119.5,224.0,111.0,215.0,17.0,18.0,0.655,3.0
399,124.5,219.0,116.0,210.0,17.0,18.0,,3.0
400,127.5,216.0,118.0,208.0,19.0,16.0,0.617,3.0
401,129.5,214.5,121.0,205.0,17.0,19.0,0.745,3.0
402,130.5,215.0,122.0,206.0,17.0,18.0,0.735,3.0
403,130.5,219.0,122.0,210.0,17.0,18.0,,3.0
404,126.5,225.0,118.0,216.0,17.0,18.0,,3.0
405,,,,,,,,
406,,,,,,,,
407,98.0,255.5,91.0,248.0,14.0,15.0,,4.0
408,92.0,250.5,85.0,243.0,14.0,15.0,,4.0
409,84.0,244.5,77.0,237.0,14.0,15.0,,4.0
410,78.0,236.5,71.0,229.0,14.0,15.0,0.672,4.0
411,75.5,228.5,68.0,221.0,15.0,15.0,0.761,4.0
412,74.0,223.0,66.0,216.0,16.0,14.0,0.749,4.0
413,75.5,217.0,69.0,210.0,13.0,14.0,0.828,4.0
414,77.5,213.5,70.0,207.0,15.0,13.0,0.808,4.0
415,82.5,210.5,75.0,204.0,15.0,13.0,0.774,4.0
416,90.5,210.0,83.0,203.0,15.0,14.0,0.765,4.0
417,98.5,213.0,91.0,206.0,15.0,14.0,,4.0
418,116.5,234.0,109.0,227.0,15.0,14.0,,4.0
419,117.5,230.0,110.0,223.0,15.0,14.0,0.714,4.0
420,126.0,238.0,118.0,230.0,16.0,16.0,0.607,4.0
421,133.5,247.0,128.0,239.0,11.0,16.0,0.535,4.0
422,139.5,253.0,134.0,245.0,11.0,16.0,,4.0
423,144.5,257.5,139.0,249.0,11.0,17.0,,4.0
424,159.0,236.0,153.0,228.0,12.0,16.0,,4.0
425,163.0,228.0,157.0,220.0,12.0,16.0,,4.0
426,166.0,222.0,160.0,214.0,12.0,16.0,0.584,4.0
427,168.5,217.0,162.0,210.0,13.0,14.0,0.56,4.0
428,170.5,212.0,164.0,205.0,13.0,14.0,,4.0
429,170.5,209.0,164.0,202.0,13.0,14.0,,4.0
430,171.5,209.0,165.0,202.0,13.0,14.0,,4.0
431,153.0,184.0,144.0,176.0,18.0,16.0,,4.0
432,157.0,185.0,148.0,177.0,18.0,16.0,,4.0
433,161.0,186.0,152.0,178.0,18.0,16.0,,4.0
434,165.0,186.0,156.0,178.0,18.0,16.0,,4.0
435,167.0,188.0,158.0,180.0,18.0,16.0,,4.0
436,171.0,187.0,162.0,179.0,18.0,16.0,,4.0
437,175.0,186.0,166.0,178.0,18.0,16.0,,4.0
438,179.0,183.0,170.0,175.0,18.0,16.0,,4.0
439,184.0,182.0,175.0,174.0,18.0,16.0,,4.0
440,189.0,182.0,180.0,174.0,18.0,16.0,,4.0
441,193.0,182.0,184.0,174.0,18.0,16.0,,4.0
442,197.0,183.0,188.0,175.0,18.0,16.0,,4.0
443,202.0,185.0,193.0,177.0,18.0,16.0,,4.0
444,204.0,186.0,195.0,178.0,18.0,16.0,,4.0
445,207.0,186.0,198.0,178.0,18.0,16.0,,4.0
446,209.0,186.0,200.0,178.0,18.0,16.0,,4.0
447,211.0,185.0,202.0,177.0,18.0,16.0,,4.0
448,214.5,181.5,205.0,173.0,19.0,17.0,,4.0
449,217.0,171.0,208.0,163.0,18.0,16.0,,4.0
450,219.0,157.0,210.0,149.0,18.0,16.0,,4.0
451,220.0,155.0,211.0,147.0,18.0,16.0,,4.0
452,221.0,153.0,212.0,145.0,18.0,16.0,0.523,4.0
453,221.5,150.5,213.0,142.0,17.0,17.0,0.818,4.0
454,223.5,146.5,214.0,137.0,19.0,19.0,0.818,4.0
455,225.0,141.5,215.0,132.0,20.0,19.0,0.806,4.0
456,225.0,135.0,216.0,125.0,18.0,20.0,0.798,4.0
457,224.0,127.5,215.0,118.0,18.0,19.0,0.831,4.0
458,223.5,121.0,215.0,111.0,17.0,20.0,0.847,4.0
459,223.0,112.5,214.0,102.0,18.0,21.0,0.861,4.0
460,220.5,104.5,212.0,94.0,17.0,21.0,0.853,4.0
461,218.0,96.5,209.0,86.0,18.0,21.0,0.85,4.0
462,215.5,89.5,207.0,79.0,17.0,21.0,0.815,4.0
463,212.5,83.5,204.0,74.0,17.0,19.0,0.831,4.0
464,210.5,78.5,202.0,69.0,17.0,19.0,0.831,4.0
465,208.0,74.5,200.0,65.0,16.0,19.0,0.81,4.0
466,206.0,71.0,198.0,62.0,16.0,18.0,0.809,4.0
467,203.5,68.0,196.0,60.0,15.0,16.0,0.843,4.0
468,201.5,66.5,194.0,58.0,15.0,17.0,0.823,4.0
469,199.5,65.0,192.0,56.0,15.0,18.0,0.806,4.0
470,198.0,64.0,191.0,56.0,14.0,16.0,0.797,4.0
471,196.0,64.0,189.0,56.0,14.0,16.0,0.771,4.0
472,194.0,64.0,187.0,56.0,14.0,16.0,0.82,4.0
473,192.5,64.5,186.0,57.0,13.0,15.0,0.753,4.0
474,190.5,67.0,184.0,60.0,13.0,14.0,0.76,4.0
475,189.5,68.0,183.0,60.0,13.0,16.0,0.583,4.0
476,187.5,71.0,181.0,64.0,13.0,14.0,0.7,4.0
477,186.5,74.0,180.0,67.0,13.0,14.0,,4.0
478,183.5,77.0,177.0,70.0,13.0,14.0,,4.0
479,183.5,80.5,177.0,73.0,13.0,15.0,,4.0
480,181.5,84.5,175.0,77.0,13.0,15.0,0.733,4.0
481,180.5,88.5,174.0,81.0,13.0,15.0,,4.0
482,178.5,92.5,172.0,85.0,13.0,15.0,,4.0
483,178.5,98.5,172.0,91.0,13.0,15.0,,4.0
484,175.5,101.5,169.0,94.0,13.0,15.0,,4.0
485,174.5,108.5,168.0,101.0,13.0,15.0,,4.0
486,174.5,114.5,168.0,107.0,13.0,15.0,,4.0
487,172.5,118.5,166.0,111.0,13.0,15.0,,4.0
488,169.0,143.0,163.0,136.0,12.0,14.0,,4.0
489,169.0,143.0,163.0,136.0,12.0,14.0,,4.0
490,168.5,130.5,162.0,123.0,13.0,15.0,,4.0
491,167.0,140.0,161.0,133.0,12.0,14.0,,4.0
492,166.0,140.0,160.0,133.0,12.0,14.0,,4.0
493,166.0,140.0,160.0,133.0,12.0,14.0,0.567,4.0
494,,,,,,,,
495,167.0,141.0,161.0,135.0,12.0,12.0,0.653,4.0
496,167.5,142.0,162.0,137.0,11.0,10.0,0.557,4.0
497,167.5,143.5,162.0,138.0,11.0,11.0,0.821,4.0
498,168.5,146.0,163.0,140.0,11.0,12.0,0.805,4.0
499,168.5,147.5,163.0,142.0,11.0,11.0,0.785,4.0
500,169.5,151.0,164.0,145.0,11.0,12.0,0.777,4.0
501,169.5,153.5,164.0,148.0,11.0,11.0,0.815,4.0
502,169.5,157.0,164.0,151.0,11.0,12.0,0.599,4.0
503,170.5,161.5,165.0,155.0,11.0,13.0,0.606,4.0
504,170.5,166.5,165.0,161.0,11.0,11.0,0.769,4.0
505,171.0,171.0,166.0,165.0,10.0,12.0,0.674,4.0
506,171.0,176.0,166.0,169.0,10.0,14.0,0.619,4.0
507,171.0,182.0,166.0,175.0,10.0,14.0,,4.0
508,172.0,189.0,167.0,182.0,10.0,14.0,,4.0
509,173.0,195.5,168.0,190.0,10.0,11.0,,4.0
510,173.0,202.5,168.0,197.0,10.0,11.0,0.644,4.0
511,174.0,209.5,169.0,204.0,10.0,11.0,,4.0
512,174.5,218.5,169.0,213.0,11.0,11.0,0.605,4.0
513,174.0,227.0,169.0,221.0,10.0,12.0,0.605,4.0
514,175.0,235.0,170.0,229.0,10.0,12.0,,4.0
515,175.0,243.5,169.0,238.0,12.0,11.0,0.678,4.0
516,175.5,236.0,170.0,230.0,11.0,12.0,0.635,4.0
517,177.0,229.0,172.0,223.0,10.0,12.0,0.662,4.0
518,178.0,222.0,173.0,215.0,10.0,14.0,0.583,4.0
519,179.0,216.0,174.0,209.0,10.0,14.0,,4.0
520,181.0,210.0,176.0,203.0,10.0,14.0,,4.0
521,179.0,209.0,174.0,202.0,10.0,14.0,,4.0
522,181.0,215.0,176.0,208.0,10.0,14.0,,4.0
523,179.0,215.0,174.0,208.0,10.0,14.0,,4.0
524,184.0,206.0,179.0,199.0,10.0,14.0,,4.0
525,182.0,204.0,177.0,197.0,10.0,14.0,,4.0
526,185.0,203.0,180.0,196.0,10.0,14.0,,4.0
527,184.0,203.0,179.0,196.0,10.0,14.0,,4.0
528,184.0,208.0,179.0,201.0,10.0,14.0,,4.0
529,179.0,204.0,174.0,197.0,10.0,14.0,,4.0
530,177.0,201.5,172.0,194.0,10.0,15.0,,4.0
531,181.0,204.0,176.0,197.0,10.0,14.0,,4.0
532,189.5,176.5,185.0,170.0,9.0,13.0,,4.0
533,193.5,180.5,189.0,174.0,9.0,13.0,,4.0
534,194.5,180.5,190.0,174.0,9.0,13.0,,4.0
535,194.5,181.5,190.0,175.0,9.0,13.0,,4.0
536,196.5,180.5,192.0,174.0,9.0,13.0,,4.0
537,196.5,180.5,192.0,174.0,9.0,13.0,,4.0
538,197.5,183.5,193.0,177.0,9.0,13.0,,4.0
539,197.5,186.5,193.0,180.0,9.0,13.0,,4.0
540,198.5,188.5,194.0,182.0,9.0,13.0,,4.0
541,200.5,192.5,196.0,186.0,9.0,13.0,,4.0
542,201.5,196.5,197.0,190.0,9.0,13.0,,4.0
543,202.5,202.5,198.0,196.0,9.0,13.0,,4.0
544,202.5,206.5,198.0,200.0,9.0,13.0,0.694,4.0
545,203.5,212.0,199.0,206.0,9.0,12.0,0.684,4.0
546,204.5,217.5,200.0,211.0,9.0,13.0,0.707,4.0
547,205.0,224.0,200.0,218.0,10.0,12.0,0.799,4.0
548,205.5,230.5,201.0,225.0,9.0,11.0,0.555,4.0
549,206.5,237.5,202.0,232.0,9.0,11.0,0.544,4.0
550,207.0,244.5,202.0,239.0,10.0,11.0,0.659,4.0
551,208.0,239.5,203.0,234.0,10.0,11.0,0.607,4.0
552,209.0,232.5,204.0,227.0,10.0,11.0,0.716,4.0
553,209.5,227.5,205.0,222.0,9.0,11.0,0.682,4.0
554,209.5,223.0,204.0,217.0,11.0,12.0,0.741,4.0
555,210.5,218.5,205.0,213.0,11.0,11.0,0.745,4.0
556,211.5,214.0,207.0,209.0,9.0,10.0,0.703,4.0
557,212.0,212.0,207.0,207.0,10.0,10.0,0.676,4.0
558,213.0,208.5,208.0,203.0,10.0,11.0,0.679,4.0
559,213.5,205.0,208.0,199.0,11.0,12.0,0.729,4.0
560,214.5,203.0,209.0,198.0,11.0,10.0,0.69,4.0
561,214.5,202.0,209.0,197.0,11.0,10.0,,4.0
562,218.5,206.0,213.0,201.0,11.0,10.0,,4.0
563,218.5,207.0,213.0,202.0,11.0,10.0,,4.0
564,219.5,207.0,214.0,202.0,11.0,10.0,,4.0
565,221.5,207.0,216.0,202.0,11.0,10.0,,4.0
566,221.5,209.0,216.0,204.0,11.0,10.0,,4.0
567,224.5,210.0,219.0,205.0,11.0,10.0,,4.0
568,226.5,211.0,221.0,206.0,11.0,10.0,,4.0
569,227.5,209.0,222.0,204.0,11.0,10.0,,4.0
570,228.5,209.0,223.0,204.0,11.0,10.0,,4.0
571,231.5,208.0,226.0,203.0,11.0,10.0,,4.0
572,234.5,204.0,229.0,199.0,11.0,10.0,,4.0
573,234.5,207.0,229.0,202.0,11.0,10.0,,4.0
574,236.5,207.0,231.0,202.0,11.0,10.0,,4.0
575,234.5,199.0,229.0,193.0,11.0,12.0,,4.0
576,235.5,200.0,230.0,194.0,11.0,12.0,,4.0
577,236.5,201.0,231.0,195.0,11.0,12.0,,4.0
578,239.5,204.0,234.0,198.0,11.0,12.0,,4.0
579,243.5,204.0,238.0,198.0,11.0,12.0,,4.0
580,245.5,204.0,240.0,198.0,11.0,12.0,,4.0
581,247.5,204.0,242.0,198.0,11.0,12.0,,4.0
582,250.5,204.0,245.0,198.0,11.0,12.0,,4.0
583,252.5,206.0,247.0,200.0,11.0,12.0,,4.0
584,254.5,207.0,249.0,201.0,11.0,12.0,,4.0
585,255.5,208.0,250.0,202.0,11.0,12.0,,4.0
586,258.5,209.0,253.0,203.0,11.0,12.0,,4.0
587,262.5,211.0,257.0,205.0,11.0,12.0,,4.0
588,266.5,210.0,261.0,204.0,11.0,12.0,,4.0
589,272.5,208.0,267.0,202.0,11.0,12.0,0.57,4.0
590,277.5,203.5,272.0,198.0,11.0,11.0,0.644,4.0
591,281.5,199.0,277.0,194.0,9.0,10.0,0.66,4.0
592,285.5,195.0,280.0,189.0,11.0,12.0,0.771,4.0
593,289.0,190.5,283.0,184.0,12.0,13.0,0.801,4.0
594,293.5,187.0,287.0,181.0,13.0,12.0,0.625,4.0
595,297.0,184.0,291.0,178.0,12.0,12.0,0.715,4.0
596,301.5,181.0,295.0,175.0,13.0,12.0,0.68,4.0
597,305.5,179.0,299.0,173.0,13.0,12.0,,4.0
598,310.0,176.5,304.0,170.0,12.0,13.0,,4.0
599,314.0,174.5,308.0,168.0,12.0,13.0,0.618,4.0
600,319.5,173.0,313.0,167.0,13.0,12.0,0.807,4.0
601,323.5,173.0,317.0,167.0,13.0,12.0,0.619,4.0
602,328.5,172.5,322.0,167.0,13.0,11.0,0.601,4.0
603,332.5,172.5,326.0,167.0,13.0,11.0,,4.0
604,335.0,174.5,331.0,168.0,8.0,13.0,0.632,4.0
605,339.0,175.5,335.0,169.0,8.0,13.0,,4.0
606,337.0,174.5,333.0,168.0,8.0,13.0,,4.0
607,337.0,174.5,333.0,168.0,8.0,13.0,,4.0
608,337.0,173.5,333.0,167.0,8.0,13.0,,4.0
609,336.0,173.5,332.0,167.0,8.0,13.0,,4.0
610,333.0,171.5,329.0,165.0,8.0,13.0,,4.0
611,334.0,173.5,330.0,167.0,8.0,13.0,,4.0
612,331.0,170.5,327.0,164.0,8.0,13.0,,4.0
613,326.0,174.5,322.0,168.0,8.0,13.0,,4.0
614,329.0,173.5,325.0,167.0,8.0,13.0,,4.0
615,330.0,171.5,326.0,165.0,8.0,13.0,,4.0
616,333.0,171.5,329.0,165.0,8.0,13.0,,4.0
617,335.0,173.5,331.0,167.0,8.0,13.0,,4.0
618,338.0,172.5,334.0,166.0,8.0,13.0,,4.0
619,339.0,173.5,335.0,167.0,8.0,13.0,,4.0
620,339.0,173.0,335.0,166.0,8.0,14.0,,4.0
621,336.0,185.5,332.0,179.0,8.0,13.0,,4.0
622,336.0,190.5,332.0,184.0,8.0,13.0,,4.0
623,338.0,190.5,334.0,184.0,8.0,13.0,,4.0
624,337.0,194.5,333.0,188.0,8.0,13.0,,4.0
625,,,,,,,,
626,,,,,,,,
627,,,,,,,,
628,,,,,,,,
629,,,,,,,,
630,,,,,,,,
631,,,,,,,,
632,,,,,,,,
633,,,,,,,,
634,,,,,,,,
635,,,,,,,,
636,,,,,,,,
637,,,,,,,,
638,,,,,,,,
639,,,,,,,,
640,,,,,,,,
641,,,,,,,,
642,,,,,,,,
643,,,,,,,,
644,,,,,,,,
645,,,,,,,,
646,,,,,,,,
647,,,,,,,,
648,,,,,,,,
649,,,,,,,,
650,,,,,,,,
651,,,,,,,,
652,,,,,,,,
653,,,,,,,,
654,,,,,,,,
655,,,,,,,,
656,,,,,,,,
657,338.5,191.5,328.0,182.0,21.0,19.0,,4.0
658,326.5,189.5,316.0,180.0,21.0,19.0,,4.0
659,312.5,187.5,302.0,178.0,21.0,19.0,,4.0
660,298.5,187.5,288.0,178.0,21.0,19.0,0.592,4.0
661,283.5,191.0,273.0,182.0,21.0,18.0,0.696,4.0
662,269.0,200.0,259.0,191.0,20.0,18.0,0.594,4.0
663,256.0,214.0,246.0,204.0,20.0,20.0,0.658,4.0
664,245.0,228.0,235.0,218.0,20.0,20.0,,4.0
665,234.0,241.0,224.0,231.0,20.0,20.0,,4.0
666,223.0,259.0,213.0,249.0,20.0,20.0,,4.0
667,219.0,259.0,209.0,249.0,20.0,20.0,,4.0
668,216.5,244.0,207.0,235.0,19.0,18.0,,4.0
669,213.5,232.0,204.0,223.0,19.0,18.0,,4.0
670,208.5,222.0,199.0,213.0,19.0,18.0,,4.0
671,204.5,216.0,195.0,207.0,19.0,18.0,0.514,4.0
672,202.5,212.0,193.0,202.0,19.0,20.0,0.738,4.0
673,200.5,213.0,191.0,203.0,19.0,20.0,0.668,4.0
674,199.0,219.5,190.0,209.0,18.0,21.0,0.581,4.0
675,199.0,229.5,190.0,219.0,18.0,21.0,,4.0
676,,,,,,,,
677,,,,,,,,
678,,,,,,,,
679,,,,,,,,
680,,,,,,,,
681,,,,,,,,
682,,,,,,,,
683,,,,,,,,
684,,,,,,,,
685,,,,,,,,
686,,,,,,,,
687,,,,,,,,
688,,,,,,,,
689,,,,,,,,
690,210.5,260.0,202.0,249.0,17.0,22.0,,4.0
691,210.5,260.0,202.0,249.0,17.0,22.0,,4.0
692,210.5,260.0,202.0,249.0,17.0,22.0,0.611,4.0
693,201.5,259.0,191.0,248.0,21.0,22.0,0.67,4.0
694,193.0,246.5,185.0,237.0,16.0,19.0,0.708,4.0
695,183.5,237.5,175.0,229.0,17.0,17.0,0.717,4.0
696,178.0,228.5,171.0,220.0,14.0,17.0,0.704,4.0
697,172.0,220.5,165.0,212.0,14.0,17.0,,4.0
698,167.5,212.5,157.0,203.0,21.0,19.0,,4.0
699,161.5,206.5,151.0,197.0,21.0,19.0,0.751,4.0
700,153.5,202.5,144.0,193.0,19.0,19.0,0.591,4.0
701,144.5,198.5,135.0,189.0,19.0,19.0,,4.0
702,137.5,196.0,128.0,186.0,19.0,20.0,,4.0
703,132.5,196.0,123.0,186.0,19.0,20.0,0.537,4.0
704,128.0,200.0,119.0,191.0,18.0,18.0,0.614,4.0
705,124.5,208.0,115.0,198.0,19.0,20.0,0.64,4.0
706,122.5,220.0,113.0,210.0,19.0,20.0,,4.0
707,119.0,233.5,111.0,224.0,16.0,19.0,0.777,4.0
708,115.5,247.0,107.0,238.0,17.0,18.0,0.758,4.0
709,116.0,256.5,109.0,248.0,14.0,17.0,0.587,4.0
710,116.0,245.0,108.0,236.0,16.0,18.0,0.703,4.0
711,117.0,233.5,110.0,225.0,14.0,17.0,0.627,4.0
712,116.0,224.0,111.0,216.0,10.0,16.0,0.525,4.0
713,117.0,215.0,112.0,207.0,10.0,16.0,,4.0
714,119.0,205.0,111.0,198.0,16.0,14.0,,4.0
715,113.0,203.0,105.0,196.0,16.0,14.0,0.593,4.0
716,110.0,199.0,102.0,192.0,16.0,14.0,,4.0
717,110.0,200.0,102.0,193.0,16.0,14.0,,4.0
718,104.0,198.0,96.0,191.0,16.0,14.0,,4.0
719,99.0,197.0,91.0,190.0,16.0,14.0,,4.0
720,90.0,195.0,82.0,188.0,16.0,14.0,,4.0
721,87.0,194.0,79.0,187.0,16.0,14.0,,4.0
722,83.5,192.5,76.0,186.0,15.0,13.0,,4.0
723,81.0,188.0,73.0,181.0,16.0,14.0,,4.0
724,79.5,187.5,72.0,181.0,15.0,13.0,,4.0
725,76.5,185.5,69.0,179.0,15.0,13.0,,4.0
726,75.5,185.5,68.0,179.0,15.0,13.0,,4.0
727,72.5,184.5,65.0,178.0,15.0,13.0,,4.0
728,70.5,184.5,63.0,178.0,15.0,13.0,,4.0
729,75.0,193.5,67.0,186.0,16.0,15.0,,4.0
730,71.0,194.5,63.0,187.0,16.0,15.0,,4.0
731,72.0,199.5,64.0,192.0,16.0,15.0,,4.0
732,78.0,201.5,70.0,194.0,16.0,15.0,,4.0
733,77.0,203.5,69.0,196.0,16.0,15.0,,4.0
734,80.0,202.5,72.0,195.0,16.0,15.0,,4.0
735,82.0,202.5,74.0,195.0,16.0,15.0,,4.0
736,82.0,200.5,74.0,193.0,16.0,15.0,,4.0
737,82.0,198.5,74.0,191.0,16.0,15.0,0.558,4.0
738,82.0,197.5,74.0,190.0,16.0,15.0,,4.0
739,83.0,196.0,75.0,189.0,16.0,14.0,0.518,4.0
740,83.0,192.0,75.0,185.0,16.0,14.0,,4.0
741,82.0,195.0,74.0,188.0,16.0,14.0,,4.0
742,81.0,197.0,73.0,190.0,16.0,14.0,,4.0
743,83.0,190.0,75.0,183.0,16.0,14.0,,4.0
744,82.0,185.0,74.0,178.0,16.0,14.0,,4.0
745,81.0,181.0,73.0,174.0,16.0,14.0,,4.0
746,79.0,177.0,71.0,170.0,16.0,14.0,,4.0
747,64.0,153.5,52.0,140.0,24.0,27.0,,4.0
748,62.5,148.5,51.0,136.0,23.0,25.0,,4.0
749,63.0,145.0,51.0,132.0,24.0,26.0,,4.0
750,64.0,139.0,52.0,126.0,24.0,26.0,,4.0
751,64.5,131.5,53.0,119.0,23.0,25.0,,4.0
752,66.5,124.5,55.0,112.0,23.0,25.0,,4.0
753,70.5,116.5,59.0,104.0,23.0,25.0,,4.0
754,74.5,107.5,63.0,95.0,23.0,25.0,0.52,4.0
755,78.0,96.5,68.0,86.0,20.0,21.0,0.805,4.0
756,83.5,89.5,74.0,79.0,19.0,21.0,0.856,4.0
757,89.0,81.5,79.0,71.0,20.0,21.0,0.809,4.0
758,93.5,75.5,84.0,65.0,19.0,21.0,0.806,4.0
759,98.5,70.5,89.0,61.0,19.0,19.0,0.848,4.0
760,103.0,66.0,94.0,57.0,18.0,18.0,0.858,4.0
761,108.0,62.5,99.0,53.0,18.0,19.0,0.859,4.0
762,111.5,59.5,103.0,50.0,17.0,19.0,0.736,4.0
763,115.5,57.0,107.0,48.0,17.0,18.0,0.78,4.0
764,119.5,55.5,111.0,47.0,17.0,17.0,0.731,4.0
765,123.0,54.5,115.0,46.0,16.0,17.0,0.72,4.0
766,127.0,54.5,119.0,46.0,16.0,17.0,0.663,4.0
767,130.0,55.0,122.0,47.0,16.0,16.0,0.721,4.0
768,133.5,55.5,126.0,48.0,15.0,15.0,0.721,4.0
769,136.5,56.5,129.0,49.0,15.0,15.0,0.708,4.0
770,139.0,58.5,132.0,51.0,14.0,15.0,0.698,4.0
771,142.5,61.0,135.0,53.0,15.0,16.0,0.656,4.0
772,145.5,63.0,138.0,55.0,15.0,16.0,0.812,4.0
773,148.0,66.0,141.0,59.0,14.0,14.0,0.77,4.0
774,151.0,69.5,144.0,62.0,14.0,15.0,0.823,4.0
775,153.5,73.0,147.0,66.0,13.0,14.0,0.787,4.0
776,155.5,77.0,149.0,70.0,13.0,14.0,,4.0
777,159.0,82.0,153.0,75.0,12.0,14.0,,4.0
778,161.0,87.0,155.0,80.0,12.0,14.0,0.599,4.0
779,164.0,93.0,158.0,86.0,12.0,14.0,,4.0
780,165.0,98.5,159.0,90.0,12.0,17.0,0.778,4.0
781,165.0,98.5,159.0,90.0,12.0,17.0,,4.0
782,166.0,98.5,160.0,90.0,12.0,17.0,,4.0
783,170.0,138.0,164.0,131.0,12.0,14.0,,5.0
784,,,,,,,,
785,171.0,138.0,165.0,131.0,12.0,14.0,,5.0
786,171.0,138.0,165.0,131.0,12.0,14.0,,5.0
787,171.0,140.0,165.0,133.0,12.0,14.0,,5.0
788,165.0,139.0,159.0,132.0,12.0,14.0,,5.0
789,162.0,133.0,156.0,126.0,12.0,14.0,,5.0
790,162.0,132.0,156.0,125.0,12.0,14.0,,5.0
791,162.0,131.0,156.0,124.0,12.0,14.0,,5.0
792,162.0,132.0,156.0,125.0,12.0,14.0,,5.0
793,164.0,133.0,158.0,126.0,12.0,14.0,,5.0
794,166.0,135.0,160.0,128.0,12.0,14.0,,5.0
795,166.0,135.0,160.0,128.0,12.0,14.0,,5.0
796,167.0,136.0,161.0,129.0,12.0,14.0,,5.0
797,168.0,137.0,162.0,130.0,12.0,14.0,0.524,5.0
798,169.0,138.0,163.0,131.0,12.0,14.0,,5.0
799,171.5,142.5,167.0,138.0,9.0,9.0,,5.0
800,172.5,143.5,168.0,139.0,9.0,9.0,0.686,5.0
801,173.0,145.5,168.0,140.0,10.0,11.0,0.721,5.0
802,173.5,147.0,168.0,141.0,11.0,12.0,0.7,5.0
803,175.5,150.0,170.0,144.0,11.0,12.0,0.684,5.0
804,176.0,154.0,171.0,149.0,10.0,10.0,0.79,5.0
805,177.0,157.0,172.0,151.0,10.0,12.0,0.547,5.0
806,178.0,162.0,173.0,156.0,10.0,12.0,0.629,5.0
807,179.0,167.0,174.0,161.0,10.0,12.0,0.684,5.0
808,180.5,171.5,175.0,166.0,11.0,11.0,0.606,5.0
809,181.5,176.5,176.0,170.0,11.0,13.0,0.696,5.0
810,182.5,182.5,177.0,176.0,11.0,13.0,,5.0
811,183.5,188.5,178.0,182.0,11.0,13.0,,5.0
812,184.5,194.5,179.0,188.0,11.0,13.0,,5.0
813,185.5,201.5,180.0,195.0,11.0,13.0,,5.0
814,185.5,209.5,180.0,203.0,11.0,13.0,,5.0
815,187.5,215.5,182.0,209.0,11.0,13.0,,5.0
816,188.5,224.5,183.0,218.0,11.0,13.0,,5.0
817,189.5,231.5,184.0,225.0,11.0,13.0,,5.0
818,189.5,240.5,184.0,234.0,11.0,13.0,,5.0
819,191.5,235.5,186.0,229.0,11.0,13.0,,5.0
820,193.5,228.5,189.0,223.0,9.0,11.0,,5.0
821,193.5,221.5,189.0,216.0,9.0,11.0,,5.0
822,194.5,217.5,190.0,212.0,9.0,11.0,,5.0
823,196.5,211.5,192.0,206.0,9.0,11.0,,5.0
824,196.5,206.5,192.0,201.0,9.0,11.0,,5.0
825,197.5,202.5,193.0,197.0,9.0,11.0,,5.0
826,197.5,198.5,193.0,193.0,9.0,11.0,,5.0
827,199.5,194.5,195.0,189.0,9.0,11.0,,5.0
828,199.5,191.5,195.0,186.0,9.0,11.0,,5.0
829,200.5,188.5,196.0,183.0,9.0,11.0,0.619,5.0
830,201.0,185.5,196.0,179.0,10.0,13.0,0.747,5.0
831,202.0,183.0,197.0,178.0,10.0,10.0,0.789,5.0
832,202.0,181.5,197.0,176.0,10.0,11.0,0.794,5.0
833,203.5,180.5,199.0,175.0,9.0,11.0,0.76,5.0
834,204.5,179.5,199.0,174.0,11.0,11.0,0.751,5.0
835,205.5,179.0,200.0,173.0,11.0,12.0,0.758,5.0
836,,,,,,,,
837,207.0,179.0,202.0,174.0,10.0,10.0,0.76,5.0
838,208.0,180.0,203.0,175.0,10.0,10.0,0.676,5.0
839,208.5,181.0,203.0,176.0,11.0,10.0,0.626,5.0
840,209.0,182.0,204.0,177.0,10.0,10.0,0.537,5.0
841,210.0,184.0,205.0,179.0,10.0,10.0,,5.0
842,212.0,186.0,207.0,181.0,10.0,10.0,,5.0
843,212.0,189.0,207.0,184.0,10.0,10.0,,5.0
844,213.0,192.0,208.0,187.0,10.0,10.0,,5.0
845,215.0,196.0,210.0,190.0,10.0,12.0,,5.0
846,215.0,200.0,210.0,194.0,10.0,12.0,,5.0
847,215.0,203.0,210.0,197.0,10.0,12.0,,5.0
848,216.0,208.0,211.0,202.0,10.0,12.0,0.603,5.0
849,217.0,213.0,212.0,207.0,10.0,12.0,,5.0
850,218.0,219.0,213.0,213.0,10.0,12.0,,5.0
851,219.0,225.0,214.0,219.0,10.0,12.0,,5.0
852,220.0,230.0,215.0,224.0,10.0,12.0,,5.0
853,220.0,237.5,216.0,232.0,8.0,11.0,,5.0
854,220.0,239.5,216.0,234.0,8.0,11.0,,5.0
855,221.0,234.5,217.0,229.0,8.0,11.0,,5.0
856,221.0,229.5,217.0,224.0,8.0,11.0,0.601,5.0
857,222.0,225.0,217.0,219.0,10.0,12.0,0.513,5.0
858,223.0,221.0,218.0,215.0,10.0,12.0,,5.0
859,224.0,218.0,219.0,212.0,10.0,12.0,,5.0
860,224.0,214.0,219.0,208.0,10.0,12.0,,5.0
861,224.0,210.0,219.0,204.0,10.0,12.0,,5.0
862,226.0,208.0,221.0,202.0,10.0,12.0,,5.0
863,226.0,205.0,221.0,199.0,10.0,12.0,,5.0
864,227.0,203.0,222.0,197.0,10.0,12.0,,5.0
865,227.0,202.0,223.0,197.0,8.0,10.0,,5.0
866,228.0,201.0,224.0,196.0,8.0,10.0,,5.0
867,228.0,200.0,224.0,195.0,8.0,10.0,,5.0
868,,,,,,,,
869,,,,,,,,
870,,,,,,,,
871,230.0,201.0,226.0,196.0,8.0,10.0,,5.0
872,230.0,202.0,226.0,197.0,8.0,10.0,0.642,5.0
873,230.5,203.5,226.0,199.0,9.0,9.0,0.756,5.0
874,231.0,205.5,227.0,201.0,8.0,9.0,0.668,5.0
875,231.5,208.0,227.0,203.0,9.0,10.0,0.763,5.0
876,232.0,211.0,228.0,206.0,8.0,10.0,0.715,5.0
877,232.5,214.0,228.0,209.0,9.0,10.0,0.744,5.0
878,233.0,217.0,229.0,212.0,8.0,10.0,0.741,5.0
879,233.5,221.0,229.0,216.0,9.0,10.0,0.774,5.0
880,234.0,225.5,230.0,220.0,8.0,11.0,0.692,5.0
881,234.5,230.0,230.0,225.0,9.0,10.0,0.715,5.0
882,234.5,234.5,230.0,230.0,9.0,9.0,0.665,5.0
883,234.5,240.0,230.0,234.0,9.0,12.0,0.553,5.0
884,234.5,236.0,230.0,230.0,9.0,12.0,,5.0
885,235.5,233.0,231.0,228.0,9.0,10.0,0.745,5.0
886,236.5,229.0,232.0,224.0,9.0,10.0,0.717,5.0
887,236.5,225.5,232.0,220.0,9.0,11.0,0.728,5.0
888,236.5,222.0,232.0,217.0,9.0,10.0,0.707,5.0
889,237.5,220.0,233.0,215.0,9.0,10.0,0.686,5.0
890,237.5,217.5,233.0,213.0,9.0,9.0,0.716,5.0
891,238.0,216.5,234.0,212.0,8.0,9.0,0.525,5.0
892,238.0,214.5,234.0,210.0,8.0,9.0,,5.0
893,239.0,214.5,235.0,210.0,8.0,9.0,,5.0
894,240.0,213.5,236.0,209.0,8.0,9.0,,5.0
895,240.0,213.5,236.0,209.0,8.0,9.0,,5.0
896,239.0,212.5,235.0,208.0,8.0,9.0,,5.0
897,240.0,212.5,236.0,208.0,8.0,9.0,,5.0
898,238.0,207.5,234.0,203.0,8.0,9.0,,5.0
899,240.0,205.5,236.0,201.0,8.0,9.0,,5.0
900,242.0,207.5,238.0,203.0,8.0,9.0,,5.0
901,241.5,220.5,237.0,216.0,9.0,9.0,,5.0
902,243.5,221.5,239.0,217.0,9.0,9.0,,5.0
903,245.5,217.5,241.0,213.0,9.0,9.0,,5.0
904,244.5,219.5,240.0,215.0,9.0,9.0,,5.0
905,244.5,215.5,240.0,211.0,9.0,9.0,,5.0
906,245.5,213.5,241.0,209.0,9.0,9.0,,5.0
907,247.5,211.5,243.0,207.0,9.0,9.0,,5.0
908,247.5,210.5,243.0,206.0,9.0,9.0,,5.0
909,249.5,209.5,245.0,205.0,9.0,9.0,0.513,5.0
910,251.5,208.5,247.0,204.0,9.0,9.0,,5.0
911,253.5,208.5,249.0,204.0,9.0,9.0,,5.0
912,256.5,207.5,252.0,203.0,9.0,9.0,,5.0
913,259.5,208.5,255.0,204.0,9.0,9.0,,5.0
914,263.5,206.5,259.0,202.0,9.0,9.0,,5.0
915,280.5,200.5,276.0,196.0,9.0,9.0,,5.0
916,280.5,202.5,276.0,198.0,9.0,9.0,,5.0
917,283.5,202.5,279.0,198.0,9.0,9.0,,5.0
918,289.5,204.5,285.0,200.0,9.0,9.0,,5.0
919,292.5,202.5,288.0,198.0,9.0,9.0,,5.0
920,297.5,202.5,293.0,198.0,9.0,9.0,0.549,5.0
921,301.0,202.0,297.0,198.0,8.0,8.0,0.583,5.0
922,305.0,202.0,301.0,198.0,8.0,8.0,,5.0
923,308.5,202.5,304.0,198.0,9.0,9.0,,5.0
924,312.5,203.5,308.0,199.0,9.0,9.0,0.65,5.0
925,316.0,206.0,312.0,201.0,8.0,10.0,0.665,5.0
926,319.0,210.0,315.0,205.0,8.0,10.0,,5.0
927,322.0,214.0,318.0,209.0,8.0,10.0,,5.0
928,325.0,220.0,321.0,215.0,8.0,10.0,,5.0
929,325.0,219.0,321.0,214.0,8.0,10.0,,5.0
930,328.0,217.0,324.0,212.0,8.0,10.0,,5.0
931,325.0,219.0,321.0,214.0,8.0,10.0,,5.0
932,332.0,218.0,328.0,213.0,8.0,10.0,,5.0
933,333.0,221.0,329.0,216.0,8.0,10.0,,5.0
934,331.0,223.0,327.0,218.0,8.0,10.0,,5.0
935,334.0,226.0,330.0,221.0,8.0,10.0,,5.0
936,335.0,220.0,331.0,215.0,8.0,10.0,,5.0
937,336.0,217.0,332.0,212.0,8.0,10.0,,5.0
938,337.0,213.0,333.0,208.0,8.0,10.0,,5.0
939,336.0,211.0,332.0,206.0,8.0,10.0,,5.0
940,339.0,213.0,335.0,208.0,8.0,10.0,,5.0
941,339.0,216.5,335.0,211.0,8.0,11.0,,5.0
942,333.5,220.5,329.0,215.0,9.0,11.0,,5.0
943,329.0,216.0,325.0,211.0,8.0,10.0,,5.0
944,329.0,216.0,325.0,211.0,8.0,10.0,,5.0
945,329.0,224.0,325.0,219.0,8.0,10.0,,5.0
946,332.0,226.0,328.0,221.0,8.0,10.0,,5.0
947,334.0,226.0,330.0,221.0,8.0,10.0,,5.0
948,335.0,229.0,331.0,224.0,8.0,10.0,,5.0
949,335.0,230.0,331.0,225.0,8.0,10.0,,5.0
950,335.0,230.0,331.0,225.0,8.0,10.0,,5.0
951,,,,,,,,
952,,,,,,,,
953,,,,,,,,
954,,,,,,,,
955,,,,,,,,
956,,,,,,,,
957,,,,,,,,
958,,,,,,,,
959,,,,,,,,
960,,,,,,,,
961,,,,,,,,
962,,,,,,,,
963,,,,,,,,
964,,,,,,,,
965,,,,,,,,
966,,,,,,,,
967,,,,,,,,
968,,,,,,,,
969,,,,,,,,
970,,,,,,,,
971,,,,,,,,
972,,,,,,,,
973,,,,,,,,
974,,,,,,,,
975,,,,,,,,
976,,,,,,,,
977,,,,,,,,
978,,,,,,,,
979,,,,,,,,
980,,,,,,,,
981,,,,,,,,
982,,,,,,,,
983,,,,,,,,
984,,,,,,,,
985,,,,,,,,
986,,,,,,,,
987,,,,,,,,
988,,,,,,,,
989,,,,,,,,
990,,,,,,,,
991,,,,,,,,
992,,,,,,,,
993,,,,,,,,
994,,,,,,,,
995,,,,,,,,
996,,,,,,,,
997,,,,,,,,
998,,,,,,,,
999,,,,,,,,
1000,,,,,,,,
1001,,,,,,,,
1002,,,,,,,,
1003,,,,,,,,
1004,,,,,,,,
1005,,,,,,,,
1006,,,,,,,,
1007,,,,,,,,
1008,,,,,,,,
1009,,,,,,,,
1010,,,,,,,,
1011,,,,,,,,
1012,,,,,,,,
1013,,,,,,,,
1014,,,,,,,,
1015,,,,,,,,
1016,,,,,,,,
1017,,,,,,,,
1018,,,,,,,,
1019,,,,,,,,
1020,,,,,,,,
1021,,,,,,,,
1022,,,,,,,,
1023,,,,,,,,
1024,,,,,,,,
1025,,,,,,,,
1026,,,,,,,,
1027,,,,,,,,
1028,,,,,,,,
1029,,,,,,,,
1030,,,,,,,,
1031,,,,,,,,
1032,,,,,,,,
1033,,,,,,,,
1034,,,,,,,,
1035,,,,,,,,
1036,,,,,,,,
1037,,,,,,,,
1038,,,,,,,,
1039,,,,,,,,
1040,,,,,,,,
1041,,,,,,,,
1042,,,,,,,,
1043,,,,,,,,
1044,,,,,,,,
1045,,,,,,,,
1046,,,,,,,,
1047,,,,,,,,
1048,,,,,,,,
1049,,,,,,,,
1050,,,,,,,,
1051,,,,,,,,
1052,,,,,,,,
1053,334.0,229.0,330.0,224.0,8.0,10.0,,5.0
1054,,,,,,,,
1055,339.5,167.0,328.0,155.0,23.0,24.0,,6.0
1056,335.5,169.0,324.0,157.0,23.0,24.0,,6.0
1057,336.5,175.0,325.0,163.0,23.0,24.0,,6.0
1058,329.5,181.0,318.0,169.0,23.0,24.0,,6.0
1059,324.5,187.0,313.0,175.0,23.0,24.0,,6.0
1060,320.5,196.0,309.0,184.0,23.0,24.0,,6.0
1061,313.5,208.0,302.0,196.0,23.0,24.0,0.683,6.0
1062,303.5,223.0,292.0,211.0,23.0,24.0,,6.0
1063,291.5,240.5,282.0,231.0,19.0,19.0,0.604,6.0
1064,278.5,255.0,268.0,244.0,21.0,22.0,0.749,6.0
1065,267.5,271.0,257.0,260.0,21.0,22.0,,6.0
1066,258.0,263.5,246.0,252.0,24.0,23.0,0.627,6.0
1067,251.0,251.0,240.0,240.0,22.0,22.0,0.744,6.0
1068,242.0,238.0,231.0,227.0,22.0,22.0,0.78,6.0
1069,236.5,228.5,227.0,220.0,19.0,17.0,0.576,6.0
1070,232.5,217.0,223.0,208.0,19.0,18.0,0.733,6.0
1071,227.0,211.0,218.0,201.0,18.0,20.0,0.717,6.0
1072,222.0,207.5,211.0,196.0,22.0,23.0,0.791,6.0
1073,220.5,209.0,210.0,198.0,21.0,22.0,0.776,6.0
1074,219.0,216.0,209.0,204.0,20.0,24.0,0.773,6.0
1075,221.5,227.5,212.0,216.0,19.0,23.0,,6.0
1076,225.5,240.5,216.0,229.0,19.0,23.0,,6.0
1077,234.5,261.5,223.0,250.0,23.0,23.0,,6.0
1078,240.5,271.5,229.0,260.0,23.0,23.0,0.607,6.0
1079,245.5,257.5,235.0,246.0,21.0,23.0,0.783,6.0
1080,252.0,244.0,242.0,234.0,20.0,20.0,0.773,6.0
1081,259.5,232.5,248.0,222.0,23.0,21.0,0.766,6.0
1082,265.5,222.0,255.0,212.0,21.0,20.0,0.544,6.0
1083,270.0,212.5,259.0,202.0,22.0,21.0,0.771,6.0
1084,273.5,203.0,263.0,192.0,21.0,22.0,0.674,6.0
1085,275.5,194.0,265.0,183.0,21.0,22.0,0.689,6.0
1086,276.5,187.5,266.0,177.0,21.0,21.0,0.539,6.0
1087,276.5,185.5,266.0,175.0,21.0,21.0,0.671,6.0
1088,278.5,188.0,268.0,178.0,21.0,20.0,0.617,6.0
1089,276.5,195.5,267.0,185.0,19.0,21.0,0.753,6.0
1090,274.5,200.0,266.0,193.0,17.0,14.0,0.726,6.0
1091,273.5,219.5,266.0,210.0,15.0,19.0,0.575,6.0
1092,264.5,232.5,257.0,223.0,15.0,19.0,,6.0
1093,249.5,246.0,239.0,235.0,21.0,22.0,0.72,6.0
1094,238.5,261.5,227.0,250.0,23.0,23.0,0.773,6.0
1095,227.0,266.0,215.0,256.0,24.0,20.0,0.762,6.0
1096,218.0,253.5,209.0,244.0,18.0,19.0,0.712,6.0
1097,208.5,241.0,199.0,232.0,19.0,18.0,0.674,6.0
1098,201.0,229.5,190.0,220.0,22.0,19.0,0.812,6.0
1099,196.5,221.0,187.0,211.0,19.0,20.0,0.716,6.0
1100,188.5,211.5,177.0,200.0,23.0,23.0,0.768,6.0
1101,187.0,207.0,178.0,197.0,18.0,20.0,0.751,6.0
1102,186.5,201.5,178.0,193.0,17.0,17.0,0.761,6.0
1103,184.5,195.0,175.0,185.0,19.0,20.0,0.772,6.0
1104,184.5,192.5,174.0,182.0,21.0,21.0,0.832,6.0
1105,186.0,193.0,176.0,183.0,20.0,20.0,0.807,6.0
1106,188.5,198.0,179.0,188.0,19.0,20.0,0.803,6.0
1107,192.0,207.0,183.0,197.0,18.0,20.0,0.83,6.0
1108,196.0,219.0,187.0,209.0,18.0,20.0,,6.0
1109,228.5,265.5,222.0,256.0,13.0,19.0,,7.0
1110,227.0,265.5,220.0,256.0,14.0,19.0,,7.0
1111,229.0,265.5,222.0,256.0,14.0,19.0,,7.0
1112,234.0,256.0,227.0,246.0,14.0,20.0,,7.0
1113,242.5,244.5,235.0,234.0,15.0,21.0,0.671,7.0
1114,246.5,234.5,237.0,224.0,19.0,21.0,0.749,7.0
1115,250.5,225.0,240.0,215.0,21.0,20.0,0.542,7.0
1116,254.0,216.5,244.0,207.0,20.0,19.0,0.753,7.0
1117,255.0,209.5,245.0,200.0,20.0,19.0,0.777,7.0
1118,255.5,204.0,246.0,195.0,19.0,18.0,0.785,7.0
1119,253.5,201.5,244.0,192.0,19.0,19.0,0.531,7.0
1120,251.5,201.5,242.0,192.0,19.0,19.0,,7.0
1121,184.5,216.0,180.0,208.0,9.0,16.0,,6.0
1122,185.5,219.0,181.0,211.0,9.0,16.0,0.638,6.0
1123,187.5,222.0,183.0,214.0,9.0,16.0,,6.0
1124,190.5,226.0,186.0,218.0,9.0,16.0,,6.0
1125,211.0,251.5,200.0,241.0,22.0,21.0,,6.0
1126,200.5,266.0,190.0,256.0,21.0,20.0,0.773,6.0
1127,194.0,260.0,184.0,249.0,20.0,22.0,0.718,6.0
1128,187.0,250.0,177.0,239.0,20.0,22.0,,6.0
1129,176.5,237.0,168.0,228.0,17.0,18.0,,6.0
1130,170.5,230.0,162.0,221.0,17.0,18.0,0.603,6.0
1131,168.5,220.5,158.0,209.0,21.0,23.0,0.749,6.0
1132,164.5,215.0,154.0,204.0,21.0,22.0,0.749,6.0
1133,160.0,209.5,149.0,198.0,22.0,23.0,0.68,6.0
1134,157.5,206.5,147.0,196.0,21.0,21.0,0.792,6.0
1135,158.5,206.5,149.0,197.0,19.0,19.0,0.795,6.0
1136,161.5,209.0,152.0,199.0,19.0,20.0,0.753,6.0
1137,166.0,216.0,157.0,206.0,18.0,20.0,0.812,6.0
1138,169.5,222.5,162.0,213.0,15.0,19.0,0.716,6.0
1139,182.5,215.5,175.0,206.0,15.0,19.0,,6.0
1140,188.5,209.5,181.0,200.0,15.0,19.0,,6.0
1141,193.0,206.0,185.0,196.0,16.0,20.0,,6.0
1142,192.5,205.5,185.0,196.0,15.0,19.0,,6.0
1143,193.5,205.5,186.0,196.0,15.0,19.0,,6.0
1144,192.5,202.5,185.0,193.0,15.0,19.0,,6.0
1145,191.5,199.5,184.0,190.0,15.0,19.0,,6.0
1146,190.5,199.5,183.0,190.0,15.0,19.0,,6.0
1147,191.5,197.5,184.0,188.0,15.0,19.0,,6.0
1148,192.5,194.5,185.0,185.0,15.0,19.0,,6.0
1149,193.5,194.5,186.0,185.0,15.0,19.0,,6.0
1150,195.5,198.5,188.0,189.0,15.0,19.0,,6.0
1151,195.5,198.5,188.0,189.0,15.0,19.0,,6.0
1152,196.5,197.5,189.0,188.0,15.0,19.0,,6.0
1153,,,,,,,,
1154,198.5,195.5,191.0,186.0,15.0,19.0,,6.0
1155,,,,,,,,
1156,197.5,193.5,190.0,184.0,15.0,19.0,,6.0
1157,,,,,,,,
1158,196.5,193.5,189.0,184.0,15.0,19.0,,6.0
1159,194.5,196.5,187.0,187.0,15.0,19.0,,6.0
1160,195.5,196.5,188.0,187.0,15.0,19.0,,6.0
1161,197.5,198.5,190.0,189.0,15.0,19.0,,6.0
1162,198.5,198.5,191.0,189.0,15.0,19.0,,6.0
1163,201.5,196.5,194.0,187.0,15.0,19.0,,6.0
1164,206.5,197.5,199.0,188.0,15.0,19.0,,6.0
1165,204.5,200.5,197.0,191.0,15.0,19.0,,6.0
1166,208.5,198.5,201.0,189.0,15.0,19.0,,6.0
1167,211.5,196.5,204.0,187.0,15.0,19.0,,6.0
1168,214.5,191.5,207.0,182.0,15.0,19.0,,6.0
1169,217.5,190.5,210.0,181.0,15.0,19.0,,6.0
1170,219.5,189.5,212.0,180.0,15.0,19.0,,6.0
1171,221.5,189.5,214.0,180.0,15.0,19.0,,6.0
1172,222.5,189.5,215.0,180.0,15.0,19.0,,6.0
1173,224.5,189.5,217.0,180.0,15.0,19.0,,6.0
1174,227.5,189.5,220.0,180.0,15.0,19.0,,6.0
1175,228.5,192.5,221.0,183.0,15.0,19.0,,6.0
1176,230.5,194.5,223.0,185.0,15.0,19.0,,6.0
1177,234.5,197.5,227.0,188.0,15.0,19.0,,6.0
1178,235.5,199.5,228.0,190.0,15.0,19.0,,6.0
1179,250.0,233.0,241.0,224.0,18.0,18.0,,8.0
1180,253.0,249.0,244.0,240.0,18.0,18.0,0.604,8.0
1181,255.5,253.0,247.0,244.0,17.0,18.0,0.557,8.0
1182,258.5,240.0,251.0,232.0,15.0,16.0,0.625,8.0
1183,,,,,,,,
1184,265.0,213.5,257.0,205.0,16.0,17.0,,8.0
1185,266.0,206.5,258.0,198.0,16.0,17.0,0.784,8.0
1186,267.5,198.5,259.0,190.0,17.0,17.0,0.78,8.0
1187,266.5,193.5,258.0,185.0,17.0,17.0,,8.0
1188,265.5,188.5,257.0,180.0,17.0,17.0,,8.0
1189,265.0,181.5,257.0,174.0,16.0,15.0,,8.0
1190,255.0,181.5,247.0,174.0,16.0,15.0,0.701,8.0
1191,248.0,180.5,240.0,173.0,16.0,15.0,,8.0
1192,240.5,177.0,232.0,169.0,17.0,16.0,0.534,8.0
1193,234.5,175.0,226.0,167.0,17.0,16.0,,8.0
1194,226.5,174.0,218.0,166.0,17.0,16.0,,8.0
1195,221.0,174.5,212.0,166.0,18.0,17.0,,8.0
1196,215.5,175.0,206.0,166.0,19.0,18.0,,8.0
1197,205.5,178.0,199.0,171.0,13.0,14.0,,8.0
1198,203.0,176.5,196.0,169.0,14.0,15.0,,8.0
1199,199.0,176.5,192.0,169.0,14.0,15.0,,8.0
1200,191.0,176.5,184.0,169.0,14.0,15.0,,8.0
1201,185.0,178.5,178.0,171.0,14.0,15.0,0.533,8.0
1202,180.0,181.0,172.0,173.0,16.0,16.0,0.709,8.0
1203,175.0,185.0,168.0,177.0,14.0,16.0,0.687,8.0
1204,171.0,191.0,164.0,183.0,14.0,16.0,0.706,8.0
1205,169.0,196.5,162.0,189.0,14.0,15.0,0.674,8.0
1206,169.0,201.5,162.0,195.0,14.0,13.0,0.5,8.0
1207,168.5,206.0,162.0,200.0,13.0,12.0,0.617,8.0
1208,168.0,208.0,161.0,202.0,14.0,12.0,0.763,8.0
1209,166.5,208.5,160.0,203.0,13.0,11.0,0.642,8.0
1210,165.5,206.5,159.0,201.0,13.0,11.0,,8.0
1211,163.5,205.5,157.0,200.0,13.0,11.0,,8.0
1212,159.5,204.5,153.0,199.0,13.0,11.0,,8.0
1213,166.5,173.0,160.0,165.0,13.0,16.0,,8.0
1214,164.5,173.0,158.0,165.0,13.0,16.0,,8.0
1215,163.5,170.0,157.0,162.0,13.0,16.0,,8.0
1216,161.5,166.0,155.0,158.0,13.0,16.0,0.573,8.0
1217,161.0,161.0,155.0,153.0,12.0,16.0,0.546,8.0
1218,158.0,156.0,150.0,148.0,16.0,16.0,0.521,8.0
1219,154.5,150.0,147.0,143.0,15.0,14.0,0.808,8.0
1220,153.0,145.0,146.0,138.0,14.0,14.0,0.73,8.0
1221,153.5,142.0,146.0,135.0,15.0,14.0,0.569,8.0
1222,153.5,138.0,146.0,131.0,15.0,14.0,,8.0
1223,152.0,136.0,145.0,128.0,14.0,16.0,0.643,8.0
1224,151.0,132.0,144.0,124.0,14.0,16.0,0.587,8.0
1225,151.5,126.0,145.0,118.0,13.0,16.0,0.714,8.0
1226,152.5,119.5,145.0,111.0,15.0,17.0,0.786,8.0
1227,152.0,115.0,145.0,107.0,14.0,16.0,0.78,8.0
1228,153.0,110.0,145.0,98.0,16.0,24.0,0.709,8.0
1229,154.0,104.5,146.0,94.0,16.0,21.0,0.691,8.0
1230,155.5,100.5,148.0,93.0,15.0,15.0,0.729,8.0
1231,156.0,97.5,148.0,88.0,16.0,19.0,0.621,8.0
1232,156.5,94.0,149.0,85.0,15.0,18.0,0.64,8.0
1233,157.5,91.0,151.0,83.0,13.0,16.0,0.728,8.0
1234,158.5,89.0,152.0,81.0,13.0,16.0,0.727,8.0
1235,158.5,88.0,152.0,80.0,13.0,16.0,0.675,8.0
1236,159.5,88.0,153.0,81.0,13.0,14.0,0.68,8.0
1237,160.0,88.0,153.0,81.0,14.0,14.0,0.631,8.0
1238,160.0,88.5,153.0,81.0,14.0,15.0,0.504,8.0
1239,161.5,89.0,155.0,82.0,13.0,14.0,0.76,8.0
1240,162.5,90.0,156.0,83.0,13.0,14.0,,8.0
1241,162.5,92.5,156.0,85.0,13.0,15.0,0.626,8.0
1242,162.5,95.5,156.0,88.0,13.0,15.0,0.693,8.0
1243,164.0,99.0,157.0,92.0,14.0,14.0,0.513,8.0
1244,164.0,99.0,157.0,92.0,14.0,14.0,,8.0
1245,165.0,104.0,158.0,97.0,14.0,14.0,,8.0
1246,164.5,112.0,159.0,105.0,11.0,14.0,,8.0
1247,164.5,115.0,159.0,108.0,11.0,14.0,,8.0
1248,164.5,118.0,159.0,111.0,11.0,14.0,0.718,8.0
1249,164.5,119.0,159.0,112.0,11.0,14.0,,8.0
1250,164.5,119.0,159.0,112.0,11.0,14.0,,8.0
1251,170.0,139.0,165.0,134.0,10.0,10.0,,8.0
1252,170.0,135.0,165.0,130.0,10.0,10.0,,8.0
1253,169.0,134.0,164.0,129.0,10.0,10.0,,8.0
1254,172.0,137.0,167.0,132.0,10.0,10.0,,8.0
1255,174.0,138.0,169.0,133.0,10.0,10.0,0.522,8.0
1256,177.0,138.0,172.0,133.0,10.0,10.0,,8.0
1257,178.0,139.0,173.0,134.0,10.0,10.0,,8.0
1258,178.0,139.0,173.0,134.0,10.0,10.0,,8.0
1259,178.0,140.0,173.0,135.0,10.0,10.0,,8.0
1260,179.0,140.0,174.0,135.0,10.0,10.0,,8.0
1261,176.5,139.0,171.0,134.0,11.0,10.0,,8.0
1262,175.5,139.0,170.0,134.0,11.0,10.0,,8.0
1263,174.5,140.0,169.0,135.0,11.0,10.0,0.551,8.0
1264,173.5,141.5,168.0,135.0,11.0,13.0,0.673,8.0
1265,172.5,143.5,167.0,137.0,11.0,13.0,0.777,8.0
1266,172.0,146.0,167.0,140.0,10.0,12.0,0.72,8.0
1267,171.0,150.0,166.0,144.0,10.0,12.0,0.78,8.0
1268,169.5,153.0,164.0,147.0,11.0,12.0,0.803,8.0
1269,168.5,156.5,163.0,151.0,11.0,11.0,0.739,8.0
1270,167.5,161.0,162.0,155.0,11.0,12.0,0.703,8.0
1271,166.5,166.0,161.0,160.0,11.0,12.0,0.77,8.0
1272,165.5,171.0,160.0,165.0,11.0,12.0,,8.0
1273,164.5,176.5,159.0,170.0,11.0,13.0,0.584,8.0
1274,163.5,182.5,158.0,176.0,11.0,13.0,,8.0
1275,162.5,189.5,157.0,183.0,11.0,13.0,,8.0
1276,160.5,197.5,155.0,191.0,11.0,13.0,,8.0
1277,160.5,204.5,155.0,198.0,11.0,13.0,,8.0
1278,159.5,211.5,154.0,205.0,11.0,13.0,0.525,8.0
1279,158.5,219.5,153.0,213.0,11.0,13.0,,8.0
1280,157.5,227.5,152.0,221.0,11.0,13.0,,8.0
1281,156.5,236.5,151.0,230.0,11.0,13.0,,8.0
1282,155.5,241.5,150.0,235.0,11.0,13.0,,8.0
1283,156.0,235.5,150.0,228.0,12.0,15.0,,8.0
1284,154.0,227.5,148.0,220.0,12.0,15.0,,8.0
1285,153.0,221.5,147.0,214.0,12.0,15.0,,8.0
1286,152.0,215.5,146.0,208.0,12.0,15.0,,8.0
1287,151.0,209.5,145.0,202.0,12.0,15.0,0.725,8.0
1288,149.5,204.0,144.0,198.0,11.0,12.0,0.535,8.0
1289,148.5,199.0,143.0,193.0,11.0,12.0,,8.0
1290,147.5,195.0,142.0,189.0,11.0,12.0,,8.0
1291,146.0,190.5,141.0,185.0,10.0,11.0,,8.0
1292,145.0,186.5,140.0,181.0,10.0,11.0,0.754,8.0
1293,144.5,182.5,139.0,177.0,11.0,11.0,0.772,8.0
1294,143.0,180.0,137.0,175.0,12.0,10.0,0.796,8.0
1295,141.5,178.5,136.0,173.0,11.0,11.0,0.739,8.0
1296,141.0,176.0,135.0,170.0,12.0,12.0,0.612,8.0
1297,140.0,175.0,134.0,169.0,12.0,12.0,0.544,8.0
1298,139.0,174.0,134.0,168.0,10.0,12.0,0.637,8.0
1299,137.5,173.0,132.0,167.0,11.0,12.0,0.679,8.0
1300,136.5,173.0,131.0,167.0,11.0,12.0,0.775,8.0
1301,135.5,173.0,130.0,167.0,11.0,12.0,0.741,8.0
1302,134.5,174.5,129.0,169.0,11.0,11.0,0.737,8.0
1303,133.0,175.0,127.0,169.0,12.0,12.0,0.708,8.0
1304,131.5,176.5,126.0,170.0,11.0,13.0,0.617,8.0
1305,131.0,179.5,126.0,174.0,10.0,11.0,0.682,8.0
1306,129.5,182.0,124.0,177.0,11.0,10.0,0.73,8.0
1307,128.5,185.5,123.0,180.0,11.0,11.0,0.708,8.0
1308,127.0,189.5,121.0,184.0,12.0,11.0,0.617,8.0
1309,126.0,193.5,120.0,188.0,12.0,11.0,,8.0
1310,125.0,197.5,119.0,192.0,12.0,11.0,0.572,8.0
1311,124.0,202.0,118.0,196.0,12.0,12.0,0.6,8.0
1312,123.0,207.5,118.0,202.0,10.0,11.0,0.73,8.0
1313,121.5,213.0,116.0,207.0,11.0,12.0,0.791,8.0
1314,120.5,219.5,115.0,214.0,11.0,11.0,0.695,8.0
1315,120.0,226.0,115.0,220.0,10.0,12.0,0.525,8.0
1316,119.0,233.0,114.0,227.0,10.0,12.0,0.536,8.0
1317,118.0,241.0,113.0,235.0,10.0,12.0,,8.0
1318,118.0,241.0,113.0,235.0,10.0,12.0,,8.0
1319,116.0,235.5,111.0,230.0,10.0,11.0,,8.0
1320,115.0,229.5,110.0,224.0,10.0,11.0,0.783,8.0
1321,114.0,224.5,109.0,218.0,10.0,13.0,0.703,8.0
1322,113.0,219.5,108.0,214.0,10.0,11.0,0.737,8.0
1323,111.5,215.0,106.0,209.0,11.0,12.0,0.768,8.0
1324,110.5,211.0,105.0,206.0,11.0,10.0,0.635,8.0
1325,109.5,207.5,104.0,202.0,11.0,11.0,0.751,8.0
1326,108.5,204.5,103.0,199.0,11.0,11.0,0.72,8.0
1327,107.5,201.5,102.0,196.0,11.0,11.0,0.625,8.0
1328,106.5,199.5,101.0,194.0,11.0,11.0,0.765,8.0
1329,105.5,198.0,100.0,193.0,11.0,10.0,0.786,8.0
1330,104.5,197.0,99.0,192.0,11.0,10.0,0.724,8.0
1331,103.5,196.0,98.0,191.0,11.0,10.0,0.78,8.0
1332,102.5,196.0,97.0,191.0,11.0,10.0,0.801,8.0
1333,101.5,196.0,96.0,191.0,11.0,10.0,0.792,8.0
1334,100.0,197.0,94.0,192.0,12.0,10.0,0.749,8.0
1335,99.5,197.0,94.0,192.0,11.0,10.0,0.776,8.0
1336,98.0,199.0,93.0,194.0,10.0,10.0,0.785,8.0
1337,96.5,201.0,91.0,196.0,11.0,10.0,0.755,8.0
1338,95.5,203.0,90.0,198.0,11.0,10.0,0.761,8.0
1339,94.5,206.5,89.0,201.0,11.0,11.0,0.697,8.0
