frame,cx,cy,x,y,w,h,conf
0,170.0,135.5,159,124,22,23,0.823
1,170.0,135.5,159,124,22,23,0.82
2,170.0,135.5,159,124,22,23,0.817
3,170.0,135.5,159,124,22,23,0.813
4,170.0,135.5,159,124,22,23,0.817
5,170.0,135.5,159,124,22,23,0.82
6,170.0,135.5,159,124,22,23,0.827
7,170.0,135.5,159,124,22,23,0.824
8,170.0,135.5,159,124,22,23,0.83
9,170.0,135.5,159,124,22,23,0.833
10,170.0,135.5,159,124,22,23,0.831
11,170.0,135.5,159,124,22,23,0.832
12,170.0,135.5,159,124,22,23,0.835
13,170.0,135.5,159,124,22,23,0.837
14,170.0,135.5,159,124,22,23,0.832
15,170.0,135.5,159,124,22,23,0.835
16,170.0,136.0,159,125,22,22,0.841
17,170.0,136.0,159,125,22,22,0.842
18,170.0,136.0,159,125,22,22,0.842
19,170.0,136.0,159,125,22,22,0.843
20,170.0,136.0,159,125,22,22,0.839
21,170.0,136.0,159,125,22,22,0.838
22,170.0,136.0,159,125,22,22,0.84
23,170.0,136.0,159,125,22,22,0.841
24,169.5,135.5,159,125,21,21,0.843
25,169.5,135.5,159,125,21,21,0.843
26,169.5,135.5,159,125,21,21,0.843
27,169.5,135.5,159,125,21,21,0.843
28,169.5,135.5,159,125,21,21,0.841
29,169.5,135.5,159,125,21,21,0.839
30,169.5,135.5,159,125,21,21,0.836
31,169.5,135.5,159,125,21,21,0.833
32,169.5,135.5,159,125,21,21,0.833
33,169.5,135.5,159,125,21,21,0.833
34,169.5,135.5,159,125,21,21,0.833
35,169.5,135.5,159,125,21,21,0.835
36,170.0,135.5,159,125,22,21,0.83
37,170.0,135.5,159,125,22,21,0.829
38,170.0,135.5,159,125,22,21,0.828
39,170.0,135.5,159,125,22,21,0.829
40,170.0,135.5,159,125,22,21,0.827
41,170.0,135.5,159,125,22,21,0.828
42,170.0,135.5,159,125,22,21,0.827
43,170.0,135.0,159,124,22,22,0.827
44,170.0,135.5,159,125,22,21,0.834
45,170.0,135.5,159,125,22,21,0.833
46,170.0,135.5,159,125,22,21,0.838
47,170.0,135.5,159,125,22,21,0.838
48,170.0,135.5,160,125,20,21,0.842
49,170.0,135.5,160,125,20,21,0.841
50,170.0,135.5,160,125,20,21,0.843
51,170.0,135.5,160,125,20,21,0.843
52,170.0,135.5,160,125,20,21,0.842
53,170.0,135.5,160,125,20,21,0.842
54,170.0,135.5,160,125,20,21,0.842
55,170.0,135.5,160,125,20,21,0.842
56,170.0,135.5,160,125,20,21,0.841
57,170.0,135.5,160,125,20,21,0.841
58,170.0,135.5,160,125,20,21,0.837
59,170.0,135.5,160,125,20,21,0.837
60,170.0,135.5,159,124,22,23,0.811
61,170.0,135.5,159,124,22,23,0.812
62,170.0,135.5,159,124,22,23,0.811
63,170.0,135.5,159,124,22,23,0.812
64,170.0,135.5,159,124,22,23,0.812
65,170.0,135.5,159,124,22,23,0.812
66,170.0,135.5,159,124,22,23,0.81
67,170.0,135.5,159,124,22,23,0.81
68,169.5,135.5,159,124,21,23,0.811
69,169.5,135.5,159,124,21,23,0.811
70,169.5,135.0,159,124,21,22,0.811
71,169.5,135.0,159,124,21,22,0.811
72,170.0,135.0,159,124,22,22,0.809
73,170.0,135.0,159,124,22,22,0.809
74,170.0,135.0,159,124,22,22,0.811
75,170.0,135.0,159,124,22,22,0.809
76,170.0,135.0,159,124,22,22,0.81
77,170.0,135.0,159,124,22,22,0.811
78,170.0,135.0,159,124,22,22,0.81
79,170.0,135.0,159,124,22,22,0.811
80,170.0,135.0,159,124,22,22,0.812
81,170.0,135.0,159,124,22,22,0.812
82,170.0,135.0,159,124,22,22,0.812
83,170.0,135.0,159,124,22,22,0.811
84,169.5,135.5,159,125,21,21,0.824
85,169.5,135.0,159,124,21,22,0.824
86,169.5,135.0,159,124,21,22,0.822
87,169.5,135.5,159,125,21,21,0.818
88,169.5,135.0,159,124,21,22,0.813
89,169.5,135.0,159,124,21,22,0.808
90,170.0,135.0,159,124,22,22,0.821
91,170.0,135.0,159,124,22,22,0.821
92,170.0,135.0,159,124,22,22,0.818
93,170.0,135.0,159,124,22,22,0.816
94,170.0,135.0,159,124,22,22,0.816
95,170.0,135.0,159,124,22,22,0.815
96,170.0,136.0,159,125,22,22,0.819
97,170.0,136.0,159,125,22,22,0.816
98,169.5,136.0,159,125,21,22,0.813
99,169.5,136.0,159,125,21,22,0.818
100,169.5,136.0,159,125,21,22,0.815
101,169.5,136.0,159,125,21,22,0.822
102,169.5,136.0,159,125,21,22,0.821
103,169.5,136.0,159,125,21,22,0.816
104,169.5,136.0,159,125,21,22,0.82
105,169.5,135.5,159,125,21,21,0.821
106,170.0,135.5,159,125,22,21,0.814
107,170.0,135.5,159,125,22,21,0.814
108,170.0,135.5,160,125,20,21,0.827
109,170.0,135.5,160,125,20,21,0.82
110,170.0,135.5,159,125,22,21,0.816
111,170.0,135.5,159,125,22,21,0.817
112,170.0,135.5,160,125,20,21,0.823
113,170.0,135.5,160,125,20,21,0.826
114,170.0,135.5,160,125,20,21,0.826
115,170.0,135.5,160,125,20,21,0.822
116,170.0,135.5,160,125,20,21,0.821
117,170.0,135.5,160,125,20,21,0.82
118,170.0,135.5,160,125,20,21,0.818
119,170.0,135.5,160,125,20,21,0.821
120,170.0,135.0,159,124,22,22,0.812
121,170.0,134.5,159,124,22,21,0.812
122,170.0,134.5,159,124,22,21,0.815
123,169.5,134.5,159,124,21,21,0.787
124,170.0,134.5,159,124,22,21,0.784
125,169.5,134.5,159,124,21,21,0.786
126,169.5,135.0,159,124,21,22,0.772
127,169.5,135.0,159,124,21,22,0.778
128,170.0,135.0,159,124,22,22,0.797
129,170.0,135.0,159,124,22,22,0.813
130,170.0,135.0,159,124,22,22,0.814
131,170.0,135.0,159,124,22,22,0.817
132,169.5,135.0,159,124,21,22,0.808
133,169.5,135.0,159,124,21,22,0.806
134,169.5,135.0,159,124,21,22,0.805
135,169.5,135.0,159,124,21,22,0.802
136,169.5,135.0,159,124,21,22,0.803
137,169.5,135.0,159,124,21,22,0.809
138,169.5,135.0,159,124,21,22,0.806
139,169.5,135.0,159,124,21,22,0.803
140,169.5,135.0,159,124,21,22,0.802
141,170.0,135.0,159,124,22,22,0.8
142,170.0,135.0,159,124,22,22,0.803
143,169.5,135.0,159,124,21,22,0.804
144,170.0,135.0,159,124,22,22,0.818
145,170.0,135.0,159,124,22,22,0.822
146,170.0,135.0,159,124,22,22,0.824
147,170.0,135.0,159,124,22,22,0.819
148,170.0,135.0,159,124,22,22,0.814
149,169.5,135.0,159,124,21,22,0.815
150,170.0,135.0,159,124,22,22,0.82
151,170.0,135.0,159,124,22,22,0.818
152,170.0,135.0,159,124,22,22,0.824
153,170.0,135.0,159,124,22,22,0.818
154,170.0,135.0,159,124,22,22,0.826
155,170.0,135.0,159,124,22,22,0.821
156,170.0,135.0,159,124,22,22,0.827
157,170.0,135.0,159,124,22,22,0.822
158,170.0,135.0,159,124,22,22,0.821
159,170.0,135.0,159,124,22,22,0.82
160,170.0,135.0,159,124,22,22,0.829
161,170.0,135.0,159,124,22,22,0.832
162,170.0,135.0,159,124,22,22,0.827
163,170.0,135.0,159,124,22,22,0.829
164,170.0,135.0,159,124,22,22,0.834
165,170.0,135.0,159,124,22,22,0.832
166,170.0,135.0,159,124,22,22,0.83
167,170.0,135.0,159,124,22,22,0.831
168,170.0,135.5,159,125,22,21,0.835
169,170.0,135.5,159,125,22,21,0.834
170,170.0,135.5,159,125,22,21,0.836
171,170.0,135.5,159,125,22,21,0.838
172,170.0,135.5,159,125,22,21,0.838
173,170.0,135.5,159,125,22,21,0.841
174,170.0,135.5,159,125,22,21,0.842
175,170.0,135.5,159,125,22,21,0.844
176,170.0,135.5,159,125,22,21,0.841
177,170.0,135.5,159,125,22,21,0.845
178,170.0,135.5,159,125,22,21,0.836
179,170.0,135.5,159,125,22,21,0.839
180,170.0,136.0,159,125,22,22,0.846
181,170.0,136.0,159,125,22,22,0.849
182,170.0,136.0,159,125,22,22,0.847
183,170.0,136.0,159,125,22,22,0.848
184,170.0,136.0,159,125,22,22,0.847
185,170.0,136.0,159,125,22,22,0.844
186,169.5,136.0,159,125,21,22,0.816
187,169.5,136.0,159,125,21,22,0.831
188,169.5,135.5,159,124,21,23,0.835
189,170.0,134.5,159,124,22,21,0.82
190,171.0,134.5,161,124,20,21,0.742
191,170.5,134.5,161,124,19,21,0.717
192,170.5,135.5,160,125,21,21,0.685
193,169.0,136.0,159,125,20,22,0.744
194,168.5,138.0,159,125,19,26,0.791
195,167.5,133.5,159,125,17,17,0.729
196,166.0,135.5,158,125,16,21,0.731
197,166.0,135.5,158,126,16,19,0.764
198,169.5,135.5,159,125,21,21,0.762
199,169.5,135.5,159,125,21,21,0.76
200,169.0,135.0,159,125,20,20,0.782
201,169.5,135.0,159,125,21,20,0.771
202,170.0,135.0,160,126,20,18,0.768
203,171.0,134.5,160,125,22,19,0.794
204,171.0,134.5,160,125,22,19,0.791
205,171.0,135.0,160,126,22,18,0.759
206,171.5,135.0,161,126,21,18,0.777
207,171.5,135.0,161,126,21,18,0.777
208,171.0,135.0,160,125,22,20,0.759
209,171.0,135.0,160,125,22,20,0.804
210,171.0,135.5,160,125,22,21,0.832
211,170.5,135.5,159,125,23,21,0.824
212,170.0,135.5,159,125,22,21,0.815
213,170.0,135.5,159,125,22,21,0.811
214,170.0,135.5,159,125,22,21,0.816
215,170.0,135.5,159,125,22,21,0.813
216,169.5,135.5,159,125,21,21,0.826
217,169.5,135.5,159,125,21,21,0.824
218,169.5,135.5,159,125,21,21,0.834
219,169.5,135.5,159,125,21,21,0.837
220,169.5,135.5,159,125,21,21,0.84
221,169.5,135.5,159,125,21,21,0.833
222,170.0,135.5,159,125,22,21,0.833
223,170.0,135.5,159,125,22,21,0.829
224,170.0,135.5,159,125,22,21,0.826
225,170.0,135.5,159,125,22,21,0.822
226,170.5,136.0,160,125,21,22,0.83
227,170.0,136.0,159,125,22,22,0.825
228,170.0,135.5,159,125,22,21,0.83
229,170.0,135.5,159,125,22,21,0.831
230,170.0,135.5,159,125,22,21,0.83
231,170.0,135.5,159,125,22,21,0.829
232,170.0,135.5,159,125,22,21,0.825
233,170.0,135.5,159,125,22,21,0.823
234,170.0,135.5,159,125,22,21,0.822
235,170.0,135.5,159,125,22,21,0.823
236,170.0,135.5,159,125,22,21,0.825
237,170.0,135.5,159,125,22,21,0.826
238,170.0,135.5,159,125,22,21,0.826
239,170.0,135.5,159,125,22,21,0.824
240,170.0,135.5,159,125,22,21,0.828
241,170.0,135.5,159,125,22,21,0.827
242,170.0,136.0,159,125,22,22,0.828
243,170.0,135.5,159,125,22,21,0.828
244,170.0,135.5,159,125,22,21,0.827
245,170.0,136.0,159,125,22,22,0.825
246,170.0,136.0,159,125,22,22,0.825
247,170.0,136.0,159,125,22,22,0.826
248,170.0,136.0,159,125,22,22,0.826
249,170.0,136.0,159,125,22,22,0.827
250,170.0,136.0,159,125,22,22,0.827
251,170.0,136.0,159,125,22,22,0.828
252,170.0,135.5,159,125,22,21,0.83
253,170.0,135.5,159,125,22,21,0.832
254,170.0,135.5,159,125,22,21,0.829
255,170.0,135.5,159,125,22,21,0.829
256,170.0,135.5,159,125,22,21,0.828
257,170.0,136.0,159,125,22,22,0.828
258,170.0,136.0,159,125,22,22,0.828
259,170.0,136.0,159,125,22,22,0.828
260,170.0,135.5,159,125,22,21,0.829
261,170.0,135.5,159,125,22,21,0.833
262,170.0,135.5,159,125,22,21,0.832
263,170.0,135.5,159,125,22,21,0.835
264,170.0,136.0,159,125,22,22,0.831
265,170.0,136.0,159,125,22,22,0.83
266,170.0,136.0,159,125,22,22,0.829
267,170.0,136.0,159,125,22,22,0.832
268,170.0,136.0,159,125,22,22,0.831
269,170.0,136.0,159,125,22,22,0.833
270,170.0,136.0,159,125,22,22,0.833
271,170.0,136.0,159,125,22,22,0.835
272,170.0,136.0,159,125,22,22,0.837
273,170.0,136.0,159,125,22,22,0.838
274,170.0,136.0,159,125,22,22,0.838
275,170.0,136.0,159,125,22,22,0.838
276,170.0,136.0,159,125,22,22,0.832
277,170.0,136.0,159,125,22,22,0.832
278,170.0,136.0,159,125,22,22,0.833
279,170.0,136.0,159,125,22,22,0.833
280,170.0,136.0,159,125,22,22,0.833
281,170.0,136.0,159,125,22,22,0.832
282,170.0,136.0,159,125,22,22,0.833
283,170.0,136.0,159,125,22,22,0.833
284,170.0,136.0,159,125,22,22,0.832
285,170.0,136.0,159,125,22,22,0.833
286,170.0,136.0,159,125,22,22,0.832
287,170.0,136.0,159,125,22,22,0.833
288,170.0,136.0,159,125,22,22,0.826
289,170.0,136.0,159,125,22,22,0.824
290,170.0,136.0,159,125,22,22,0.823
291,170.0,136.0,159,125,22,22,0.824
292,170.0,136.0,159,125,22,22,0.824
293,170.0,136.0,159,125,22,22,0.824
294,170.0,136.0,159,125,22,22,0.824
295,170.0,136.0,159,125,22,22,0.825
296,170.0,136.0,159,125,22,22,0.826
297,170.0,136.0,159,125,22,22,0.826
298,170.0,136.0,159,125,22,22,0.827
299,170.0,136.0,159,125,22,22,0.827
300,170.0,136.0,159,125,22,22,0.847
301,170.0,136.0,159,125,22,22,0.845
302,170.0,136.0,159,125,22,22,0.844
303,170.0,136.0,159,125,22,22,0.844
304,170.0,136.0,159,125,22,22,0.843
305,170.0,136.0,159,125,22,22,0.844
306,170.0,136.0,159,125,22,22,0.844
307,170.0,136.0,159,125,22,22,0.844
308,170.0,136.0,159,125,22,22,0.844
309,170.0,136.0,159,125,22,22,0.844
310,170.0,136.0,159,125,22,22,0.845
311,170.0,136.0,159,125,22,22,0.845
312,170.0,136.0,159,125,22,22,0.842
313,170.0,136.0,159,125,22,22,0.842
314,170.0,136.0,159,125,22,22,0.842
315,170.0,136.0,159,125,22,22,0.842
316,170.0,136.0,159,125,22,22,0.841
317,170.0,136.0,159,125,22,22,0.841
318,170.0,136.0,159,125,22,22,0.841
319,170.0,136.0,159,125,22,22,0.841
320,170.0,136.0,159,125,22,22,0.841
321,170.0,136.0,159,125,22,22,0.841
322,170.0,136.0,159,125,22,22,0.841
323,170.0,136.0,159,125,22,22,0.841
324,170.0,136.0,159,125,22,22,0.845
325,170.0,136.0,159,125,22,22,0.846
326,170.0,136.0,159,125,22,22,0.845
327,170.0,136.0,159,125,22,22,0.844
328,170.0,136.0,159,125,22,22,0.848
329,170.0,136.0,159,125,22,22,0.848
330,170.0,136.0,159,125,22,22,0.842
331,170.0,136.0,159,125,22,22,0.842
332,170.0,136.0,159,125,22,22,0.841
333,170.0,136.0,159,125,22,22,0.841
334,170.0,136.0,159,125,22,22,0.841
335,170.0,136.0,159,125,22,22,0.841
336,170.0,136.0,159,125,22,22,0.844
337,170.0,136.0,159,125,22,22,0.844
338,170.0,136.0,159,125,22,22,0.844
339,170.0,136.0,159,125,22,22,0.844
340,170.0,136.0,159,125,22,22,0.844
341,170.0,136.0,159,125,22,22,0.844
342,170.0,136.0,159,125,22,22,0.844
343,170.0,136.0,159,125,22,22,0.844
344,170.0,136.0,159,125,22,22,0.844
345,170.0,136.0,159,125,22,22,0.844
346,170.0,136.0,159,125,22,22,0.844
347,170.0,136.0,159,125,22,22,0.843
348,170.0,136.0,159,125,22,22,0.851
349,170.0,136.0,159,125,22,22,0.851
350,170.0,136.0,159,125,22,22,0.851
351,170.0,136.0,159,125,22,22,0.851
352,170.0,136.0,159,125,22,22,0.851
353,170.0,136.0,159,125,22,22,0.852
354,170.0,136.0,159,125,22,22,0.852
355,170.0,136.0,159,125,22,22,0.852
356,170.0,136.0,159,125,22,22,0.852
357,170.0,136.0,159,125,22,22,0.852
358,170.0,136.0,159,125,22,22,0.852
359,170.0,136.0,159,125,22,22,0.852
360,170.0,136.0,159,125,22,22,0.817
361,170.0,136.0,159,125,22,22,0.818
362,170.0,136.0,159,125,22,22,0.817
363,170.0,136.0,159,125,22,22,0.817
364,170.0,136.0,159,125,22,22,0.817
365,170.0,136.0,159,125,22,22,0.817
366,170.0,136.0,159,125,22,22,0.818
367,170.0,136.0,159,125,22,22,0.815
368,170.0,136.0,159,125,22,22,0.813
369,170.0,136.0,159,125,22,22,0.809
370,170.0,136.0,159,125,22,22,0.809
371,170.0,136.0,159,125,22,22,0.808
372,170.0,136.0,159,125,22,22,0.811
373,170.0,136.0,159,125,22,22,0.814
374,170.0,136.0,159,125,22,22,0.815
375,170.0,136.0,159,125,22,22,0.815
376,170.0,136.0,159,125,22,22,0.814
377,170.0,136.0,159,125,22,22,0.813
378,170.0,136.0,159,125,22,22,0.812
379,170.0,136.0,159,125,22,22,0.812
380,170.0,136.0,159,125,22,22,0.812
381,170.0,136.0,159,125,22,22,0.811
382,170.0,136.0,159,125,22,22,0.809
383,170.0,136.0,159,125,22,22,0.81
384,170.0,136.0,159,125,22,22,0.813
385,170.0,136.0,159,125,22,22,0.814
386,170.0,136.0,159,125,22,22,0.816
387,170.0,136.0,159,125,22,22,0.815
388,170.0,136.0,159,125,22,22,0.812
389,170.0,136.0,159,125,22,22,0.811
390,170.0,136.0,159,125,22,22,0.824
391,170.0,136.0,159,125,22,22,0.829
392,170.0,136.0,159,125,22,22,0.829
393,170.0,136.0,159,125,22,22,0.83
394,170.0,136.0,159,125,22,22,0.829
395,170.0,136.0,159,125,22,22,0.829
396,170.0,136.0,159,125,22,22,0.828
397,170.0,136.0,159,125,22,22,0.829
398,170.0,136.0,159,125,22,22,0.828
399,170.0,136.0,159,125,22,22,0.827
400,170.0,136.0,159,125,22,22,0.827
401,170.0,136.0,159,125,22,22,0.825
402,170.0,136.0,159,125,22,22,0.825
403,170.0,136.0,159,125,22,22,0.824
404,170.0,136.0,159,125,22,22,0.825
405,170.0,136.0,159,125,22,22,0.825
406,170.0,136.0,159,125,22,22,0.826
407,170.0,136.0,159,125,22,22,0.826
408,170.0,135.5,159,124,22,23,0.83
409,170.0,136.0,159,125,22,22,0.829
410,170.0,135.5,159,124,22,23,0.831
411,170.0,135.5,159,124,22,23,0.832
412,170.0,135.5,159,124,22,23,0.831
413,170.0,135.5,159,124,22,23,0.833
414,170.0,135.5,159,124,22,23,0.834
415,170.0,136.0,159,125,22,22,0.833
416,170.0,136.0,159,125,22,22,0.833
417,170.0,136.0,159,125,22,22,0.832
418,170.0,136.0,159,125,22,22,0.829
419,170.0,136.0,159,125,22,22,0.828
420,170.0,136.0,159,125,22,22,0.833
421,170.0,136.0,159,125,22,22,0.831
422,170.0,136.0,159,125,22,22,0.83
423,170.0,136.0,159,125,22,22,0.829
424,170.0,136.0,159,125,22,22,0.832
425,170.0,136.0,159,125,22,22,0.831
426,170.0,136.0,159,125,22,22,0.831
427,170.0,136.0,159,125,22,22,0.829
428,170.0,136.0,159,125,22,22,0.832
429,170.0,136.0,159,125,22,22,0.835
430,170.0,136.0,159,125,22,22,0.837
431,170.0,136.0,159,125,22,22,0.836
432,170.0,135.5,159,125,22,21,0.845
433,170.0,135.5,159,125,22,21,0.846
434,170.0,135.5,159,125,22,21,0.845
435,170.0,135.5,159,125,22,21,0.844
436,170.0,135.5,159,125,22,21,0.84
437,170.0,135.5,159,125,22,21,0.839
438,170.0,135.5,159,125,22,21,0.839
439,170.0,135.5,159,125,22,21,0.838
440,170.0,135.5,159,125,22,21,0.835
441,170.0,135.5,159,125,22,21,0.833
442,170.0,136.0,159,125,22,22,0.835
443,170.0,136.0,159,125,22,22,0.839
444,170.0,136.0,159,125,22,22,0.831
445,170.0,136.0,159,125,22,22,0.83
446,170.0,136.0,159,125,22,22,0.831
447,170.0,136.0,159,125,22,22,0.831
448,170.0,136.0,159,125,22,22,0.833
449,170.0,136.0,159,125,22,22,0.833
450,170.0,136.0,159,125,22,22,0.82
451,170.0,136.0,159,125,22,22,0.814
452,170.0,136.0,159,125,22,22,0.814
453,170.0,136.0,159,125,22,22,0.809
454,170.0,136.0,159,125,22,22,0.808
455,170.0,136.0,159,125,22,22,0.806
456,170.0,135.5,159,124,22,23,0.808
457,170.0,135.5,159,124,22,23,0.811
458,170.0,136.0,159,124,22,24,0.81
459,170.0,136.0,159,124,22,24,0.81
460,170.0,136.0,159,124,22,24,0.807
461,170.0,136.0,159,124,22,24,0.802
462,170.0,136.0,159,124,22,24,0.806
463,170.0,136.0,159,124,22,24,0.803
464,170.0,136.0,159,124,22,24,0.805
465,170.0,135.5,159,124,22,23,0.807
466,170.0,135.5,159,124,22,23,0.817
467,170.0,135.5,159,124,22,23,0.819
468,170.0,135.5,159,124,22,23,0.816
469,170.0,135.5,159,124,22,23,0.811
470,170.0,135.5,159,124,22,23,0.807
471,170.0,135.5,159,124,22,23,0.809
472,170.0,136.0,159,125,22,22,0.812
473,170.0,136.0,159,125,22,22,0.809
474,170.0,136.0,159,125,22,22,0.807
475,170.0,136.0,159,125,22,22,0.813
476,170.0,136.0,159,125,22,22,0.807
477,170.0,136.0,159,125,22,22,0.811
478,170.0,136.0,159,125,22,22,0.815
479,170.0,136.0,159,125,22,22,0.815
480,170.0,136.0,159,125,22,22,0.802
481,170.0,136.0,159,125,22,22,0.802
482,170.0,136.0,159,125,22,22,0.804
483,170.0,136.0,159,125,22,22,0.804
484,170.0,136.0,159,125,22,22,0.804
485,170.0,136.0,159,125,22,22,0.809
486,170.0,136.0,159,125,22,22,0.793
487,169.5,136.5,159,126,21,21,0.766
488,170.0,135.5,159,124,22,23,0.749
489,170.0,136.0,159,125,22,22,0.81
490,170.0,136.0,159,125,22,22,0.813
491,170.0,134.5,159,124,22,21,0.744
492,169.5,135.5,158,125,23,21,0.744
493,169.5,136.0,158,125,23,22,0.714
494,169.0,135.5,158,124,22,23,0.738
495,168.5,135.0,158,124,21,22,0.693
496,169.5,135.5,158,124,23,23,0.74
497,170.0,133.5,158,123,24,21,0.687
498,169.5,131.5,158,123,23,17,0.722
499,170.0,131.5,158,123,24,17,0.737
500,170.5,131.0,159,123,23,16,0.741
501,171.0,133.0,160,124,22,18,0.75
502,171.0,133.5,160,124,22,19,0.756
503,171.5,134.0,161,124,21,20,0.806
504,171.5,134.0,161,124,21,20,0.799
505,171.0,135.0,160,125,22,20,0.818
506,170.0,135.0,159,125,22,20,0.852
507,170.0,134.5,159,124,22,21,0.823
508,170.0,134.5,159,124,22,21,0.807
509,169.5,134.0,158,124,23,20,0.809
510,169.0,134.0,158,124,22,20,0.807
511,169.0,134.0,158,124,22,20,0.805
512,169.0,134.0,158,124,22,20,0.803
513,169.0,134.5,158,124,22,21,0.795
514,169.0,134.5,158,124,22,21,0.796
515,169.0,134.5,158,124,22,21,0.794
516,169.5,135.5,159,125,21,21,0.766
517,169.0,135.5,159,125,20,21,0.777
518,169.5,135.5,159,125,21,21,0.778
519,170.0,135.0,160,125,20,20,0.795
520,170.5,134.5,160,124,21,21,0.806
521,170.0,135.0,160,125,20,20,0.797
522,170.0,135.0,159,125,22,20,0.798
523,170.0,135.5,159,125,22,21,0.789
524,170.0,135.5,159,125,22,21,0.797
525,170.0,135.5,159,125,22,21,0.796
526,170.0,135.5,159,125,22,21,0.79
527,170.0,135.5,159,125,22,21,0.784
528,170.0,135.0,159,124,22,22,0.801
529,170.0,135.5,159,125,22,21,0.8
530,169.5,135.5,159,125,21,21,0.796
531,169.5,135.5,159,125,21,21,0.796
532,169.5,135.5,159,125,21,21,0.793
533,170.0,135.5,159,125,22,21,0.791
534,169.5,135.5,159,125,21,21,0.796
535,169.5,135.5,159,125,21,21,0.797
536,169.5,135.5,159,125,21,21,0.804
537,169.5,135.5,159,125,21,21,0.8
538,169.5,135.5,159,125,21,21,0.8
539,169.5,135.5,159,125,21,21,0.801
540,170.0,135.0,159,124,22,22,0.83
541,170.0,135.0,159,124,22,22,0.83
542,170.0,135.0,159,124,22,22,0.823
543,170.0,135.0,159,124,22,22,0.821
544,170.0,135.0,159,124,22,22,0.816
545,170.0,135.0,159,124,22,22,0.818
546,170.0,135.0,159,124,22,22,0.819
547,170.0,135.0,159,124,22,22,0.818
548,170.0,135.0,159,124,22,22,0.819
549,170.0,135.0,159,124,22,22,0.821
550,170.0,135.0,159,124,22,22,0.822
551,170.0,135.0,159,124,22,22,0.821
552,170.0,135.0,159,124,22,22,0.81
553,170.0,135.0,159,124,22,22,0.813
554,170.0,135.0,159,124,22,22,0.81
555,170.0,135.0,159,124,22,22,0.809
556,170.0,135.0,159,124,22,22,0.806
557,170.0,135.0,159,124,22,22,0.808
558,170.0,135.0,159,124,22,22,0.81
559,170.0,135.0,159,124,22,22,0.812
560,170.0,135.0,159,124,22,22,0.813
561,170.0,135.0,159,124,22,22,0.814
562,170.0,135.0,159,124,22,22,0.816
563,170.0,135.0,159,124,22,22,0.817
564,170.0,135.5,159,125,22,21,0.8
565,170.0,135.5,159,125,22,21,0.8
566,170.0,135.5,159,125,22,21,0.801
567,169.5,135.5,159,125,21,21,0.801
568,170.0,135.0,159,124,22,22,0.805
569,170.0,135.0,159,124,22,22,0.807
570,170.0,135.5,159,125,22,21,0.806
571,170.0,135.0,159,124,22,22,0.807
572,170.0,135.0,159,124,22,22,0.809
573,170.0,135.0,159,124,22,22,0.81
574,170.0,135.0,159,124,22,22,0.814
575,170.0,135.0,159,124,22,22,0.811
576,170.0,135.5,159,125,22,21,0.84
577,170.0,135.0,159,124,22,22,0.838
578,170.0,135.0,159,124,22,22,0.84
579,170.0,135.0,159,124,22,22,0.839
580,170.0,135.0,159,124,22,22,0.836
581,170.0,135.0,159,124,22,22,0.836
582,170.0,135.0,159,124,22,22,0.838
583,170.0,135.0,159,124,22,22,0.838
584,170.0,135.0,159,124,22,22,0.836
585,170.0,135.0,159,124,22,22,0.837
586,170.0,135.0,159,124,22,22,0.839
587,170.0,135.5,159,125,22,21,0.841
588,170.0,135.0,159,124,22,22,0.847
589,170.0,135.0,159,124,22,22,0.844
590,170.0,135.0,159,124,22,22,0.84
591,170.0,135.0,159,124,22,22,0.841
592,170.0,135.0,159,124,22,22,0.842
593,170.0,135.0,159,124,22,22,0.844
594,170.0,135.0,159,124,22,22,0.841
595,170.0,135.0,159,124,22,22,0.839
596,170.0,135.0,159,124,22,22,0.84
597,170.0,135.0,159,124,22,22,0.843
598,170.0,135.0,159,124,22,22,0.843
599,170.0,135.0,159,124,22,22,0.845
600,169.5,135.5,159,125,21,21,0.846
601,169.5,135.5,159,125,21,21,0.846
602,169.5,135.5,159,125,21,21,0.845
603,169.5,135.5,159,125,21,21,0.844
604,169.5,135.5,159,125,21,21,0.844
605,169.5,135.5,159,125,21,21,0.845
606,169.5,135.5,159,125,21,21,0.846
607,169.5,135.5,159,125,21,21,0.846
608,169.5,135.5,159,125,21,21,0.846
609,169.5,135.5,159,125,21,21,0.846
610,169.5,135.5,159,125,21,21,0.846
611,169.5,135.5,159,125,21,21,0.846
612,169.5,135.5,159,125,21,21,0.841
613,170.0,135.5,159,125,22,21,0.841
614,169.5,135.5,159,125,21,21,0.841
615,169.5,135.5,159,125,21,21,0.842
616,169.5,135.5,159,125,21,21,0.842
617,169.5,135.5,159,125,21,21,0.842
618,169.5,135.5,159,125,21,21,0.842
619,169.5,135.5,159,125,21,21,0.842
620,169.5,135.5,159,125,21,21,0.842
621,169.5,135.5,159,125,21,21,0.841
622,169.5,135.5,159,125,21,21,0.841
623,169.5,135.5,159,125,21,21,0.842
624,169.5,135.5,159,125,21,21,0.842
625,169.5,135.5,159,125,21,21,0.841
626,169.5,135.5,159,125,21,21,0.841
627,169.5,135.5,159,125,21,21,0.841
628,169.5,135.5,159,125,21,21,0.841
629,169.5,135.5,159,125,21,21,0.84
630,170.0,135.5,159,125,22,21,0.842
631,170.0,135.5,159,125,22,21,0.84
632,170.0,135.5,159,125,22,21,0.84
633,170.0,135.5,159,125,22,21,0.839
634,170.0,135.5,159,125,22,21,0.839
635,170.0,135.5,159,125,22,21,0.839
636,170.0,135.5,159,125,22,21,0.84
637,170.0,135.5,159,125,22,21,0.84
638,170.0,135.5,159,125,22,21,0.84
639,170.0,135.5,159,125,22,21,0.84
640,170.0,135.5,159,125,22,21,0.839
641,170.0,135.5,159,125,22,21,0.839
642,170.0,135.5,159,125,22,21,0.839
643,170.0,135.5,159,125,22,21,0.839
644,170.0,135.5,159,125,22,21,0.839
645,170.0,135.5,159,125,22,21,0.839
646,170.0,135.5,159,125,22,21,0.839
647,170.0,135.5,159,125,22,21,0.839
648,170.0,135.5,159,125,22,21,0.841
649,170.0,135.5,159,125,22,21,0.841
650,170.0,135.5,159,125,22,21,0.841
651,170.0,135.5,159,125,22,21,0.841
652,170.0,135.5,159,125,22,21,0.841
653,170.0,135.5,159,125,22,21,0.841
654,170.0,135.5,159,125,22,21,0.841
655,170.0,135.5,159,125,22,21,0.841
656,170.0,135.5,159,125,22,21,0.84
657,170.0,135.5,159,125,22,21,0.84
658,170.0,135.5,159,125,22,21,0.84
659,170.0,135.5,159,125,22,21,0.839
660,170.0,135.5,159,125,22,21,0.836
661,170.0,135.5,159,125,22,21,0.837
662,170.0,135.5,159,125,22,21,0.83
663,170.0,135.5,159,125,22,21,0.833
664,170.0,135.5,159,125,22,21,0.839
665,170.0,135.5,159,125,22,21,0.833
666,170.0,135.5,159,125,22,21,0.837
667,170.0,135.5,159,125,22,21,0.835
668,170.0,135.5,159,125,22,21,0.831
669,170.0,135.5,159,125,22,21,0.836
670,170.0,135.0,159,124,22,22,0.834
671,170.0,135.0,159,124,22,22,0.827
672,170.0,135.0,159,124,22,22,0.823
673,170.0,135.5,159,125,22,21,0.834
674,170.0,135.5,159,125,22,21,0.826
675,170.0,135.5,159,125,22,21,0.829
676,170.0,135.5,159,125,22,21,0.833
677,170.0,135.5,159,125,22,21,0.833
678,170.0,135.5,159,125,22,21,0.829
679,170.0,135.0,159,124,22,22,0.824
680,170.0,135.5,159,125,22,21,0.821
681,170.0,135.5,159,125,22,21,0.825
682,170.0,135.5,159,125,22,21,0.827
683,170.0,135.5,159,125,22,21,0.828
684,170.0,135.5,159,125,22,21,0.815
685,170.0,135.5,159,125,22,21,0.814
686,170.0,135.5,159,125,22,21,0.818
687,170.0,135.5,159,125,22,21,0.821
688,170.0,135.5,159,125,22,21,0.823
689,170.0,135.5,159,125,22,21,0.824
690,170.0,135.5,159,125,22,21,0.83
691,170.0,135.5,159,125,22,21,0.83
692,170.0,135.5,159,125,22,21,0.83
693,170.0,135.5,159,125,22,21,0.832
694,170.0,135.5,159,125,22,21,0.826
695,170.0,135.5,159,125,22,21,0.825
696,170.0,135.5,159,125,22,21,0.818
697,170.0,135.5,159,125,22,21,0.818
698,170.0,135.5,159,125,22,21,0.816
699,170.0,135.5,159,125,22,21,0.816
700,170.0,135.5,159,125,22,21,0.819
701,170.0,135.5,159,125,22,21,0.816
702,170.5,135.0,159,124,23,22,0.806
703,170.5,135.5,159,125,23,21,0.81
704,170.5,135.5,159,125,23,21,0.812
705,170.5,135.5,159,125,23,21,0.81
706,170.0,135.5,159,125,22,21,0.821
707,170.0,135.5,159,125,22,21,0.821
708,170.0,135.5,159,125,22,21,0.836
709,170.0,135.5,159,125,22,21,0.842
710,170.0,135.5,159,125,22,21,0.833
711,170.0,135.5,159,125,22,21,0.839
712,170.0,135.5,159,125,22,21,0.836
713,170.0,135.5,159,125,22,21,0.832
714,170.0,135.5,159,125,22,21,0.828
715,170.0,135.5,159,125,22,21,0.827
716,170.0,135.5,159,125,22,21,0.827
717,170.0,135.5,159,125,22,21,0.829
718,170.0,135.5,159,125,22,21,0.828
719,170.0,135.5,159,125,22,21,0.832
720,169.5,135.5,159,125,21,21,0.818
721,169.5,135.5,159,125,21,21,0.819
722,169.5,135.5,159,125,21,21,0.823
723,169.5,135.5,159,125,21,21,0.822
724,169.5,135.5,159,125,21,21,0.826
725,169.5,135.5,159,125,21,21,0.824
726,169.5,135.5,159,125,21,21,0.827
727,169.5,135.5,159,125,21,21,0.831
728,169.5,135.5,159,125,21,21,0.829
729,169.5,135.5,159,125,21,21,0.826
730,169.5,135.5,159,125,21,21,0.823
731,169.5,135.5,159,125,21,21,0.826
732,169.5,135.0,159,124,21,22,0.831
733,169.5,135.0,159,124,21,22,0.832
734,169.5,135.0,159,124,21,22,0.832
735,169.5,135.0,159,124,21,22,0.831
736,169.5,135.0,159,124,21,22,0.829
737,169.5,135.0,159,124,21,22,0.828
738,169.5,135.0,159,124,21,22,0.828
739,169.5,135.0,159,124,21,22,0.827
740,169.5,135.0,159,124,21,22,0.83
741,169.5,135.0,159,124,21,22,0.83
742,169.5,135.0,159,124,21,22,0.832
743,169.5,135.0,159,124,21,22,0.832
744,169.5,135.5,159,125,21,21,0.836
745,169.5,135.5,159,125,21,21,0.833
746,169.5,135.5,159,125,21,21,0.831
747,169.5,135.5,159,125,21,21,0.829
748,169.5,135.5,159,125,21,21,0.829
749,169.5,135.5,159,125,21,21,0.83
750,170.0,135.0,159,124,22,22,0.822
751,170.0,135.0,159,124,22,22,0.827
752,170.0,135.0,159,124,22,22,0.829
753,170.0,135.0,159,124,22,22,0.826
754,170.0,135.0,159,124,22,22,0.823
755,170.0,135.0,159,124,22,22,0.821
756,170.0,135.0,159,124,22,22,0.814
757,170.0,135.0,159,124,22,22,0.808
758,170.0,135.0,159,124,22,22,0.808
759,170.0,135.0,159,124,22,22,0.815
760,170.0,135.5,159,125,22,21,0.814
761,170.0,135.0,159,124,22,22,0.806
762,170.0,135.0,159,124,22,22,0.803
763,170.0,135.0,159,124,22,22,0.807
764,170.0,135.0,159,124,22,22,0.805
765,170.0,135.0,159,124,22,22,0.807
766,170.0,135.0,159,124,22,22,0.814
767,170.0,135.0,159,124,22,22,0.808
768,170.0,135.5,159,125,22,21,0.809
769,170.0,135.5,159,125,22,21,0.802
770,170.0,135.5,159,125,22,21,0.811
771,170.0,135.5,159,125,22,21,0.822
772,170.0,135.5,159,125,22,21,0.819
773,169.5,135.5,159,125,21,21,0.82
774,170.0,135.5,159,125,22,21,0.822
775,170.0,135.5,159,125,22,21,0.819
776,170.0,135.5,159,125,22,21,0.823
777,170.0,135.5,159,125,22,21,0.828
778,169.5,135.5,159,125,21,21,0.824
779,169.5,135.5,159,125,21,21,0.823
780,170.0,135.5,160,125,20,21,0.808
781,170.0,135.5,160,125,20,21,0.816
782,170.0,135.5,160,125,20,21,0.812
783,169.5,135.5,160,125,19,21,0.779
784,169.0,135.0,159,124,20,22,0.769
785,170.5,135.0,160,124,21,22,0.824
786,170.0,135.0,160,124,20,22,0.805
787,169.5,135.5,159,125,21,21,0.798
788,168.0,134.5,157,125,22,19,0.719
789,165.5,135.5,155,125,21,21,0.672
790,268.5,175.5,262,168,13,15,0.436
791,166.5,137.5,155,127,23,21,0.445
792,268.5,175.0,262,168,13,14,0.429
793,169.0,136.0,158,128,22,16,0.605
794,170.0,133.5,159,125,22,17,0.464
795,169.0,133.5,159,125,20,17,0.585
796,168.5,134.0,159,125,19,18,0.719
797,169.5,134.5,159,125,21,19,0.754
798,169.5,134.5,159,125,21,19,0.791
799,169.5,135.5,159,125,21,21,0.771
800,169.5,136.0,159,125,21,22,0.749
801,170.5,136.5,159,125,23,23,0.713
802,171.0,134.5,161,125,20,19,0.672
803,171.0,134.5,160,125,22,19,0.694
804,170.5,135.0,160,125,21,20,0.766
805,170.5,135.5,160,125,21,21,0.746
806,170.0,135.5,159,125,22,21,0.711
807,170.0,135.5,159,125,22,21,0.767
808,170.0,136.0,159,126,22,20,0.763
809,169.5,136.0,159,126,21,20,0.753
810,169.5,135.5,159,125,21,21,0.813
811,169.0,135.0,159,125,20,20,0.809
812,168.5,135.0,158,125,21,20,0.787
813,169.0,135.5,158,125,22,21,0.801
814,169.0,135.0,158,125,22,20,0.797
815,169.0,135.0,158,125,22,20,0.798
816,169.0,135.0,158,124,22,22,0.801
817,169.0,135.0,158,124,22,22,0.796
818,169.5,135.0,159,124,21,22,0.81
819,169.5,135.0,159,124,21,22,0.799
820,169.5,135.0,159,124,21,22,0.807
821,169.5,135.5,159,125,21,21,0.806
822,170.0,135.5,159,125,22,21,0.791
823,170.0,135.5,159,125,22,21,0.798
824,170.0,135.5,159,125,22,21,0.801
825,170.0,135.5,159,125,22,21,0.803
826,170.0,135.5,159,125,22,21,0.807
827,170.0,135.5,159,125,22,21,0.796
828,170.0,135.0,159,124,22,22,0.798
829,170.0,135.0,159,124,22,22,0.806
830,170.0,135.0,159,124,22,22,0.81
831,169.5,135.0,159,124,21,22,0.811
832,169.5,135.0,159,124,21,22,0.802
833,169.5,135.0,159,124,21,22,0.797
834,169.5,135.0,159,124,21,22,0.797
835,169.5,135.0,159,124,21,22,0.799
836,169.5,135.0,159,124,21,22,0.801
837,169.5,135.0,159,124,21,22,0.81
838,170.0,135.0,159,124,22,22,0.795
839,170.0,135.0,159,124,22,22,0.794
840,170.0,135.5,159,125,22,21,0.828
841,170.0,135.5,159,125,22,21,0.829
842,170.0,135.5,159,125,22,21,0.826
843,170.0,135.5,159,125,22,21,0.826
844,170.0,135.5,159,125,22,21,0.823
845,170.0,135.5,159,125,22,21,0.822
846,170.0,135.5,159,125,22,21,0.816
847,170.0,135.5,159,125,22,21,0.815
848,170.0,135.5,159,125,22,21,0.818
849,170.0,135.5,159,125,22,21,0.819
850,169.5,135.5,159,125,21,21,0.826
851,169.5,135.5,159,125,21,21,0.823
852,169.5,135.5,159,125,21,21,0.814
853,169.5,135.5,159,125,21,21,0.818
854,169.5,135.5,159,125,21,21,0.817
855,169.5,135.5,159,125,21,21,0.812
856,169.5,135.5,159,125,21,21,0.816
857,169.5,135.5,159,125,21,21,0.818
858,169.5,135.5,159,125,21,21,0.818
859,169.5,135.5,159,125,21,21,0.816
860,169.5,135.5,159,125,21,21,0.813
861,169.5,135.5,159,125,21,21,0.818
862,169.5,135.5,159,125,21,21,0.811
863,169.5,135.5,159,125,21,21,0.814
864,169.5,135.5,159,125,21,21,0.824
865,169.5,135.5,159,125,21,21,0.829
866,169.5,135.5,159,125,21,21,0.824
867,170.0,135.5,159,125,22,21,0.82
868,169.5,135.5,159,125,21,21,0.823
869,170.0,135.5,159,125,22,21,0.821
870,170.0,135.5,159,125,22,21,0.824
871,170.0,135.5,159,125,22,21,0.82
872,170.0,135.5,159,125,22,21,0.82
873,170.0,135.5,159,125,22,21,0.819
874,170.0,135.5,159,125,22,21,0.818
875,170.0,135.5,159,125,22,21,0.819
876,169.5,135.5,159,125,21,21,0.821
877,169.5,135.5,159,125,21,21,0.819
878,169.5,135.5,159,125,21,21,0.822
879,169.5,135.5,159,125,21,21,0.825
880,170.0,135.5,160,125,20,21,0.823
881,170.0,135.5,160,125,20,21,0.825
882,169.5,135.5,159,125,21,21,0.825
883,169.5,135.5,159,125,21,21,0.825
884,169.5,135.5,159,125,21,21,0.827
885,169.5,135.5,159,125,21,21,0.823
886,169.5,135.5,159,125,21,21,0.827
887,169.5,135.5,159,125,21,21,0.825
888,170.0,135.5,160,125,20,21,0.812
889,170.0,135.5,160,125,20,21,0.816
890,170.0,135.5,160,125,20,21,0.817
891,170.0,135.5,160,125,20,21,0.815
892,169.5,135.5,159,125,21,21,0.814
893,169.5,135.5,159,125,21,21,0.816
894,169.5,135.5,159,125,21,21,0.818
895,169.5,135.5,159,125,21,21,0.816
896,170.0,135.5,160,125,20,21,0.819
897,170.0,135.5,160,125,20,21,0.822
898,170.0,135.5,160,125,20,21,0.819
899,170.0,135.5,160,125,20,21,0.819
900,169.5,135.5,159,125,21,21,0.826
901,169.5,135.5,159,125,21,21,0.827
902,169.5,135.5,159,125,21,21,0.824
903,169.5,135.5,159,125,21,21,0.823
904,169.5,135.5,159,125,21,21,0.825
905,169.5,135.5,159,125,21,21,0.825
906,169.5,135.5,159,125,21,21,0.821
907,169.5,135.5,159,125,21,21,0.824
908,169.5,135.5,159,125,21,21,0.826
909,169.5,135.5,159,125,21,21,0.827
910,169.5,135.5,159,125,21,21,0.826
911,169.5,135.5,159,125,21,21,0.824
912,169.5,135.5,159,125,21,21,0.819
913,169.5,135.5,159,125,21,21,0.821
914,169.5,135.5,159,125,21,21,0.824
915,169.5,135.5,159,125,21,21,0.824
916,169.5,135.5,159,125,21,21,0.824
917,169.5,135.5,159,125,21,21,0.822
918,169.5,135.5,159,125,21,21,0.821
919,169.5,135.5,159,125,21,21,0.82
920,169.5,135.5,159,125,21,21,0.82
921,169.5,135.5,159,125,21,21,0.819
922,169.5,135.5,159,125,21,21,0.818
923,169.5,135.5,159,125,21,21,0.818
924,170.0,135.5,159,125,22,21,0.83
925,170.0,135.5,159,125,22,21,0.83
926,170.0,135.5,159,125,22,21,0.829
927,170.0,135.5,159,125,22,21,0.829
928,170.0,135.5,159,125,22,21,0.829
929,170.0,135.5,159,125,22,21,0.829
930,170.0,135.5,159,125,22,21,0.824
931,170.0,135.5,159,125,22,21,0.825
932,170.0,135.5,159,125,22,21,0.823
933,170.0,135.5,159,125,22,21,0.821
934,170.0,135.5,159,125,22,21,0.822
935,170.0,135.5,159,125,22,21,0.821
936,169.5,135.5,159,125,21,21,0.82
937,169.5,135.0,159,125,21,20,0.823
938,169.5,135.0,159,125,21,20,0.822
939,169.5,135.0,159,125,21,20,0.822
940,169.5,135.0,159,125,21,20,0.822
941,169.5,135.0,159,125,21,20,0.822
942,169.5,135.0,159,125,21,20,0.822
943,169.5,135.0,159,125,21,20,0.822
944,169.5,135.0,159,125,21,20,0.822
945,169.5,135.0,159,125,21,20,0.821
946,169.5,135.0,159,125,21,20,0.821
947,169.5,135.0,159,125,21,20,0.821
948,169.5,135.5,159,125,21,21,0.825
949,169.5,135.5,159,125,21,21,0.823
950,169.5,135.5,159,125,21,21,0.824
951,169.5,135.5,159,125,21,21,0.824
952,169.5,135.5,159,125,21,21,0.823
953,169.5,135.5,159,125,21,21,0.824
954,169.5,135.5,159,125,21,21,0.824
955,169.5,135.5,159,125,21,21,0.824
956,169.5,135.5,159,125,21,21,0.824
957,169.5,135.5,159,125,21,21,0.824
958,169.5,135.5,159,125,21,21,0.823
959,169.5,135.5,159,125,21,21,0.823
960,170.0,135.0,159,124,22,22,0.833
961,170.0,135.0,159,124,22,22,0.833
962,170.0,135.0,159,124,22,22,0.833
963,170.0,135.0,159,124,22,22,0.833
964,170.0,135.0,159,124,22,22,0.833
965,170.0,135.0,159,124,22,22,0.833
966,170.0,135.0,159,124,22,22,0.833
967,170.0,135.0,159,124,22,22,0.834
968,170.0,135.0,159,124,22,22,0.834
969,170.0,135.0,159,124,22,22,0.834
970,170.0,135.0,159,124,22,22,0.834
971,170.0,135.0,159,124,22,22,0.833
972,170.0,135.5,159,125,22,21,0.841
973,170.0,135.5,159,125,22,21,0.84
974,170.0,135.5,159,125,22,21,0.84
975,170.0,135.5,159,125,22,21,0.841
976,170.0,135.5,159,125,22,21,0.841
977,170.0,135.5,159,125,22,21,0.841
978,170.0,135.5,159,125,22,21,0.84
979,170.0,135.5,159,125,22,21,0.84
980,170.0,135.5,159,125,22,21,0.839
981,170.0,135.5,159,125,22,21,0.84
982,170.0,135.5,159,125,22,21,0.84
983,170.0,135.5,159,125,22,21,0.84
984,170.0,135.0,159,124,22,22,0.831
985,170.0,135.0,159,124,22,22,0.834
986,170.0,135.0,159,124,22,22,0.834
987,170.0,135.0,159,124,22,22,0.834
988,170.0,135.0,159,124,22,22,0.833
989,170.0,135.0,159,124,22,22,0.835
990,170.0,135.5,159,125,22,21,0.84
991,170.0,135.0,159,124,22,22,0.84
992,170.0,135.5,159,125,22,21,0.84
993,170.0,135.5,159,125,22,21,0.84
994,170.0,135.5,159,125,22,21,0.84
995,170.0,135.5,159,125,22,21,0.841
996,170.0,135.5,159,125,22,21,0.844
997,170.0,135.5,159,125,22,21,0.844
998,170.0,135.5,159,125,22,21,0.843
999,170.0,135.5,159,125,22,21,0.842
1000,170.0,135.5,159,125,22,21,0.842
1001,170.0,135.5,159,125,22,21,0.843
1002,170.0,135.5,159,125,22,21,0.843
1003,170.0,135.5,159,125,22,21,0.842
1004,170.0,135.5,159,125,22,21,0.843
1005,170.0,135.5,159,125,22,21,0.842
1006,170.0,135.5,159,125,22,21,0.842
1007,170.0,135.5,159,125,22,21,0.842
1008,170.0,135.5,159,125,22,21,0.844
1009,170.0,135.5,159,125,22,21,0.843
1010,170.0,135.5,159,125,22,21,0.843
1011,170.0,135.5,159,125,22,21,0.842
1012,170.0,135.5,159,125,22,21,0.842
1013,170.0,135.5,159,125,22,21,0.844
1014,170.0,135.5,159,125,22,21,0.846
1015,170.0,135.5,159,125,22,21,0.843
1016,170.0,136.0,159,125,22,22,0.843
1017,170.0,136.0,159,125,22,22,0.843
1018,170.0,136.0,159,125,22,22,0.845
1019,170.0,136.0,159,125,22,22,0.845
1020,170.0,135.0,159,124,22,22,0.831
1021,170.0,135.0,159,124,22,22,0.831
1022,170.0,135.0,159,124,22,22,0.831
1023,170.0,135.0,159,124,22,22,0.829
1024,170.0,135.0,159,124,22,22,0.829
1025,170.0,135.0,159,124,22,22,0.829
1026,170.0,135.0,159,124,22,22,0.829
1027,170.0,135.0,159,124,22,22,0.829
1028,170.0,135.0,159,124,22,22,0.828
1029,170.0,135.0,159,124,22,22,0.827
1030,170.0,135.0,159,124,22,22,0.824
1031,170.0,135.0,159,124,22,22,0.825
1032,170.0,135.0,159,124,22,22,0.83
1033,170.0,135.0,159,124,22,22,0.83
1034,170.0,135.0,159,124,22,22,0.83
1035,170.0,135.0,159,124,22,22,0.829
1036,170.0,135.0,159,124,22,22,0.83
1037,170.0,135.0,159,124,22,22,0.83
1038,170.0,135.0,159,124,22,22,0.83
1039,170.0,135.0,159,124,22,22,0.829
1040,170.0,135.0,159,124,22,22,0.829
1041,170.0,135.0,159,124,22,22,0.829
1042,170.0,135.0,159,124,22,22,0.83
1043,170.0,135.0,159,124,22,22,0.829
1044,170.0,135.0,159,124,22,22,0.84
1045,170.0,135.0,159,124,22,22,0.839
1046,170.0,135.0,159,124,22,22,0.839
1047,170.0,135.0,159,124,22,22,0.839
1048,170.0,135.0,159,124,22,22,0.838
1049,170.0,135.0,159,124,22,22,0.838
1050,170.0,135.5,159,125,22,21,0.843
1051,170.0,135.5,159,125,22,21,0.839
1052,170.0,135.5,159,125,22,21,0.84
1053,170.0,135.5,159,125,22,21,0.84
1054,170.0,135.5,159,125,22,21,0.84
1055,170.0,135.5,159,125,22,21,0.84
1056,169.5,135.5,159,125,21,21,0.831
1057,169.5,135.5,159,125,21,21,0.832
1058,169.5,135.5,159,125,21,21,0.83
1059,169.5,135.5,159,125,21,21,0.83
1060,169.5,135.5,159,125,21,21,0.83
1061,169.5,135.5,159,125,21,21,0.828
1062,169.5,135.5,159,125,21,21,0.829
1063,169.5,135.5,159,125,21,21,0.829
1064,169.5,135.5,159,125,21,21,0.826
1065,169.5,135.5,159,125,21,21,0.828
1066,169.5,135.5,159,125,21,21,0.829
1067,169.5,135.5,159,125,21,21,0.82
1068,169.5,135.5,159,125,21,21,0.816
1069,169.5,135.5,159,125,21,21,0.819
1070,169.5,135.5,159,125,21,21,0.819
1071,169.5,135.5,159,125,21,21,0.81
1072,169.5,135.0,159,125,21,20,0.809
1073,169.5,135.5,159,125,21,21,0.806
1074,169.5,135.5,159,125,21,21,0.813
1075,169.5,135.5,159,125,21,21,0.818
1076,169.5,135.5,159,125,21,21,0.816
1077,169.5,135.5,159,125,21,21,0.819
1078,169.5,135.5,159,125,21,21,0.817
1079,169.5,135.5,159,125,21,21,0.817
1080,170.0,135.0,159,124,22,22,0.818
1081,170.0,135.0,159,124,22,22,0.815
1082,170.0,135.0,159,124,22,22,0.814
1083,170.0,135.0,159,124,22,22,0.815
1084,170.0,135.0,159,124,22,22,0.816
1085,170.0,135.0,159,124,22,22,0.818
1086,170.0,135.0,159,124,22,22,0.82
1087,170.0,135.0,159,124,22,22,0.815
1088,170.0,135.0,159,124,22,22,0.816
1089,170.0,135.0,159,124,22,22,0.817
1090,170.0,135.0,159,124,22,22,0.815
1091,170.0,135.0,159,124,22,22,0.817
1092,170.0,135.0,159,124,22,22,0.831
1093,170.0,135.0,159,124,22,22,0.835
1094,170.0,135.0,159,124,22,22,0.835
1095,170.0,135.0,159,124,22,22,0.83
1096,170.0,135.0,159,124,22,22,0.828
1097,170.0,135.0,159,124,22,22,0.825
1098,170.0,135.0,159,124,22,22,0.825
1099,170.0,135.0,159,124,22,22,0.824
1100,170.0,135.0,159,124,22,22,0.819
1101,170.0,135.0,159,124,22,22,0.816
1102,170.0,135.0,159,124,22,22,0.81
1103,170.0,135.0,159,124,22,22,0.807
1104,170.0,135.0,159,124,22,22,0.807
1105,170.0,135.0,159,124,22,22,0.814
1106,170.0,135.0,159,124,22,22,0.811
1107,170.0,135.0,159,124,22,22,0.815
1108,170.0,135.0,159,124,22,22,0.825
1109,170.0,135.0,159,124,22,22,0.826
1110,169.5,135.5,159,125,21,21,0.82
1111,169.5,135.5,159,125,21,21,0.82
1112,169.5,135.5,159,125,21,21,0.819
1113,169.5,135.0,159,124,21,22,0.813
1114,170.0,135.5,159,125,22,21,0.813
1115,170.0,135.5,159,125,22,21,0.819
1116,169.5,135.0,159,125,21,20,0.806
1117,169.5,135.0,159,125,21,20,0.807
1118,169.5,135.0,159,125,21,20,0.802
1119,169.5,135.0,159,125,21,20,0.801
1120,169.5,135.0,159,125,21,20,0.804
1121,169.5,135.0,159,125,21,20,0.802
1122,169.5,135.0,159,125,21,20,0.8
1123,169.5,135.0,159,125,21,20,0.802
1124,169.5,135.0,159,125,21,20,0.806
1125,169.5,135.0,159,125,21,20,0.807
1126,169.5,135.0,159,125,21,20,0.804
1127,169.5,135.0,159,125,21,20,0.804
1128,169.5,135.0,159,125,21,20,0.796
1129,169.5,135.0,159,125,21,20,0.793
1130,169.5,135.0,159,125,21,20,0.789
1131,169.5,135.0,159,125,21,20,0.788
1132,169.5,135.0,159,125,21,20,0.785
1133,169.5,135.0,159,125,21,20,0.781
1134,169.5,135.0,159,125,21,20,0.777
1135,169.5,135.0,159,125,21,20,0.776
1136,169.5,135.0,159,125,21,20,0.778
1137,169.5,135.0,159,125,21,20,0.782
1138,169.5,135.0,159,125,21,20,0.786
1139,170.0,135.0,160,125,20,20,0.784
1140,169.5,135.5,159,125,21,21,0.803
1141,169.5,135.5,159,125,21,21,0.802
1142,169.5,135.5,159,125,21,21,0.808
1143,169.5,135.5,159,125,21,21,0.807
1144,169.5,135.5,159,125,21,21,0.8
1145,169.5,135.5,159,125,21,21,0.8
1146,169.5,135.5,159,125,21,21,0.8
1147,169.5,135.5,159,125,21,21,0.801
1148,169.5,135.5,159,125,21,21,0.796
1149,170.0,135.5,159,125,22,21,0.798
1150,170.0,135.5,159,125,22,21,0.798
1151,170.0,135.5,159,125,22,21,0.799
1152,169.5,135.5,159,125,21,21,0.797
1153,169.5,135.5,159,125,21,21,0.794
1154,169.5,135.5,159,125,21,21,0.793
1155,169.5,135.0,159,124,21,22,0.79
1156,169.5,135.0,159,124,21,22,0.791
1157,169.5,135.5,159,125,21,21,0.792
1158,169.5,135.5,159,125,21,21,0.795
1159,169.5,135.5,159,125,21,21,0.795
1160,169.5,135.5,159,125,21,21,0.794
1161,169.5,135.5,159,125,21,21,0.792
1162,169.5,135.5,159,125,21,21,0.792
1163,169.5,135.5,159,125,21,21,0.793
1164,169.5,135.5,159,125,21,21,0.795
1165,169.5,135.5,159,125,21,21,0.792
1166,169.5,135.0,159,125,21,20,0.797
1167,169.5,135.0,159,125,21,20,0.796
1168,169.5,135.5,159,125,21,21,0.796
1169,169.5,135.5,159,125,21,21,0.797
1170,169.5,135.5,159,125,21,21,0.812
1171,169.5,135.5,159,125,21,21,0.812
1172,169.5,135.5,159,125,21,21,0.813
1173,169.5,135.5,159,125,21,21,0.81
1174,169.5,135.5,159,125,21,21,0.812
1175,169.5,135.5,159,125,21,21,0.813
1176,169.5,135.5,159,125,21,21,0.823
1177,169.5,135.5,159,125,21,21,0.821
1178,169.5,135.5,159,125,21,21,0.822
1179,169.5,135.5,159,125,21,21,0.823
1180,169.5,135.5,159,125,21,21,0.827
1181,169.5,135.5,159,125,21,21,0.827
1182,169.5,135.5,159,125,21,21,0.824
1183,169.5,135.5,159,125,21,21,0.82
1184,169.5,135.5,159,125,21,21,0.821
1185,169.5,135.5,159,125,21,21,0.818
1186,169.5,135.5,159,125,21,21,0.819
1187,169.5,135.5,159,125,21,21,0.821
1188,169.5,135.5,159,125,21,21,0.82
1189,169.5,135.5,159,125,21,21,0.821
1190,169.5,135.5,159,125,21,21,0.817
1191,169.5,135.5,159,125,21,21,0.815
1192,169.5,135.5,159,125,21,21,0.814
1193,170.0,135.5,160,125,20,21,0.822
1194,169.5,135.5,159,125,21,21,0.817
1195,169.5,135.5,159,125,21,21,0.819
1196,170.0,135.5,160,125,20,21,0.821
1197,170.0,135.5,160,125,20,21,0.82
1198,170.0,135.5,160,125,20,21,0.818
1199,170.0,135.5,160,125,20,21,0.815
1200,169.5,135.0,159,125,21,20,0.852
1201,169.5,135.0,159,125,21,20,0.852
1202,169.5,135.0,159,125,21,20,0.852
1203,169.5,135.0,159,125,21,20,0.848
1204,169.5,135.0,159,125,21,20,0.844
1205,169.5,135.0,159,125,21,20,0.847
1206,169.5,135.0,159,125,21,20,0.852
1207,169.5,135.0,159,125,21,20,0.846
1208,169.5,135.0,159,125,21,20,0.841
1209,169.5,135.0,159,125,21,20,0.843
1210,169.5,135.0,159,125,21,20,0.845
1211,169.5,135.0,159,125,21,20,0.844
1212,169.5,135.0,159,125,21,20,0.849
1213,169.5,135.0,159,125,21,20,0.85
1214,169.5,135.0,159,125,21,20,0.848
1215,169.5,135.0,159,125,21,20,0.849
1216,169.5,135.5,159,125,21,21,0.833
1217,169.5,135.5,159,125,21,21,0.827
1218,170.0,135.5,159,125,22,21,0.823
1219,170.0,135.0,159,125,22,20,0.823
1220,170.0,135.0,159,125,22,20,0.814
1221,170.5,134.5,160,124,21,21,0.779
1222,169.5,135.0,158,124,23,22,0.748
1223,168.5,135.0,156,124,25,22,0.732
1224,169.0,135.5,157,124,24,23,0.699
1225,170.5,134.5,160,124,21,21,0.714
1226,170.5,134.5,160,124,21,21,0.721
1227,170.5,134.5,160,124,21,21,0.763
1228,170.5,135.0,160,125,21,20,0.803
1229,170.0,135.5,159,125,22,21,0.807
1230,170.0,135.5,159,125,22,21,0.822
1231,170.5,135.5,160,125,21,21,0.843
1232,170.5,135.5,160,125,21,21,0.839
1233,170.5,135.5,160,125,21,21,0.833
1234,170.5,135.5,160,125,21,21,0.829
1235,170.0,135.5,159,125,22,21,0.825
1236,170.0,135.5,159,125,22,21,0.816
1237,170.0,135.5,159,125,22,21,0.814
1238,170.5,135.5,160,125,21,21,0.817
1239,170.5,135.0,160,125,21,20,0.813
1240,170.0,135.5,159,125,22,21,0.812
1241,170.0,135.5,159,125,22,21,0.809
1242,170.0,135.5,159,125,22,21,0.81
1243,170.0,135.5,159,125,22,21,0.822
1244,170.0,135.5,159,125,22,21,0.822
1245,170.0,135.5,159,125,22,21,0.819
1246,170.0,135.5,159,125,22,21,0.821
1247,170.5,135.5,160,125,21,21,0.787
1248,170.0,136.0,160,126,20,20,0.73
1249,171.0,134.5,160,124,22,21,0.726
1250,170.5,135.5,160,125,21,21,0.794
1251,170.0,135.0,159,124,22,22,0.83
1252,170.0,135.0,159,124,22,22,0.808
1253,170.0,134.5,159,124,22,21,0.816
1254,171.0,134.0,160,124,22,20,0.77
1255,171.5,133.5,160,124,23,19,0.672
1256,268.5,175.5,262,168,13,15,0.592
1257,268.5,175.5,262,168,13,15,0.601
1258,268.5,175.5,262,168,13,15,0.61
1259,268.5,175.5,262,168,13,15,0.607
1260,268.0,175.5,261,168,14,15,0.603
1261,268.0,175.5,261,168,14,15,0.6
1262,171.0,134.0,160,124,22,20,0.743
1263,170.5,134.5,159,124,23,21,0.73
1264,170.5,135.5,159,124,23,23,0.714
1265,170.0,134.5,159,124,22,21,0.725
1266,170.0,134.5,159,124,22,21,0.788
1267,170.0,135.0,159,125,22,20,0.764
1268,169.5,135.5,158,125,23,21,0.776
1269,169.0,135.5,158,125,22,21,0.763
1270,169.0,135.0,158,125,22,20,0.768
1271,169.0,135.0,158,125,22,20,0.787
1272,170.0,134.5,159,124,22,21,0.792
1273,170.0,134.5,159,124,22,21,0.795
1274,170.0,134.5,159,124,22,21,0.825
1275,170.0,134.5,159,124,22,21,0.833
1276,170.5,135.0,160,124,21,22,0.836
1277,170.5,135.0,160,124,21,22,0.829
1278,170.5,135.0,160,124,21,22,0.824
1279,170.5,135.0,160,124,21,22,0.823
1280,170.5,134.5,160,124,21,21,0.833
1281,170.5,135.0,160,124,21,22,0.837
1282,170.5,134.5,160,124,21,21,0.831
1283,170.5,135.0,160,124,21,22,0.822
1284,170.5,135.0,160,124,21,22,0.831
1285,170.5,135.0,160,124,21,22,0.835
1286,170.5,135.0,160,124,21,22,0.829
1287,170.0,135.0,159,124,22,22,0.831
1288,170.5,135.0,160,124,21,22,0.828
1289,170.5,135.0,160,124,21,22,0.832
1290,170.5,135.5,160,125,21,21,0.845
1291,170.5,135.5,160,125,21,21,0.843
1292,170.0,135.5,159,125,22,21,0.837
1293,170.5,135.5,160,125,21,21,0.841
1294,170.5,135.5,160,125,21,21,0.836
1295,170.5,135.5,160,125,21,21,0.83
1296,170.5,135.5,160,125,21,21,0.836
1297,170.5,135.5,160,125,21,21,0.835
1298,170.5,135.5,160,125,21,21,0.833
1299,170.5,135.5,160,125,21,21,0.836
1300,170.0,136.0,159,125,22,22,0.835
1301,170.0,136.0,159,125,22,22,0.835
1302,170.0,136.0,159,125,22,22,0.835
1303,170.0,136.0,159,125,22,22,0.836
1304,170.0,136.0,159,125,22,22,0.838
1305,170.5,135.5,160,125,21,21,0.84
1306,170.5,135.5,160,125,21,21,0.84
1307,170.0,136.0,159,125,22,22,0.837
1308,170.0,135.5,159,125,22,21,0.835
1309,170.0,135.5,159,125,22,21,0.835
1310,170.5,135.5,160,125,21,21,0.831
1311,170.5,135.5,160,125,21,21,0.835
1312,170.5,135.5,160,125,21,21,0.833
1313,170.5,135.5,160,125,21,21,0.834
1314,170.5,135.5,160,125,21,21,0.837
1315,170.5,135.5,160,125,21,21,0.837
1316,170.5,135.5,160,125,21,21,0.836
1317,170.5,135.5,160,125,21,21,0.839
1318,170.5,135.5,160,125,21,21,0.838
1319,170.5,135.5,160,125,21,21,0.838
1320,170.5,135.0,160,124,21,22,0.842
1321,170.5,135.5,160,125,21,21,0.842
1322,170.5,135.5,160,125,21,21,0.841
1323,170.5,135.0,160,124,21,22,0.837
1324,170.5,135.5,160,125,21,21,0.836
1325,170.5,135.0,160,124,21,22,0.834
1326,170.5,135.0,160,124,21,22,0.831
1327,170.5,135.5,160,124,21,23,0.83
1328,170.5,135.5,160,124,21,23,0.831
1329,170.5,135.5,160,124,21,23,0.831
1330,170.5,135.5,160,124,21,23,0.831
1331,170.5,135.5,160,125,21,21,0.831
1332,170.0,135.0,159,124,22,22,0.828
1333,170.0,135.0,159,124,22,22,0.828
1334,170.0,135.0,159,124,22,22,0.828
1335,170.0,135.0,159,124,22,22,0.828
1336,170.0,135.0,159,124,22,22,0.828
1337,170.0,135.0,159,124,22,22,0.828
1338,170.0,135.0,159,124,22,22,0.828
1339,170.0,135.0,159,124,22,22,0.828
